"","date","epiweek","geocode","casos","uf","macroregional_geocode","regional_geocode","train_1","target_1","train_2","target_2","train_3","target_3"
"1",2010-01-03,201001,3550308,49,"SP",3521,35016,TRUE,FALSE,TRUE,FALSE,TRUE,FALSE
"2",2010-01-10,201002,3550308,46,"SP",3521,35016,TRUE,FALSE,TRUE,FALSE,TRUE,FALSE
"3",2010-01-17,201003,3550308,43,"SP",3521,35016,TRUE,FALSE,TRUE,FALSE,TRUE,FALSE
"4",2010-01-24,201004,3550308,75,"SP",3521,35016,TRUE,FALSE,TRUE,FALSE,TRUE,FALSE
"5",2010-01-31,201005,3550308,103,"SP",3521,35016,TRUE,FALSE,TRUE,FALSE,TRUE,FALSE
"6",2010-02-07,201006,3550308,121,"SP",3521,35016,TRUE,FALSE,TRUE,FALSE,TRUE,FALSE
"7",2010-02-14,201007,3550308,291,"SP",3521,35016,TRUE,FALSE,TRUE,FALSE,TRUE,FALSE
"8",2010-02-21,201008,3550308,427,"SP",3521,35016,TRUE,FALSE,TRUE,FALSE,TRUE,FALSE
"9",2010-02-28,201009,3550308,446,"SP",3521,35016,TRUE,FALSE,TRUE,FALSE,TRUE,FALSE
"10",2010-03-07,201010,3550308,379,"SP",3521,35016,TRUE,FALSE,TRUE,FALSE,TRUE,FALSE
"11",2010-03-14,201011,3550308,607,"SP",3521,35016,TRUE,FALSE,TRUE,FALSE,TRUE,FALSE
"12",2010-03-21,201012,3550308,795,"SP",3521,35016,TRUE,FALSE,TRUE,FALSE,TRUE,FALSE
"13",2010-03-28,201013,3550308,948,"SP",3521,35016,TRUE,FALSE,TRUE,FALSE,TRUE,FALSE
"14",2010-04-04,201014,3550308,1112,"SP",3521,35016,TRUE,FALSE,TRUE,FALSE,TRUE,FALSE
"15",2010-04-11,201015,3550308,676,"SP",3521,35016,TRUE,FALSE,TRUE,FALSE,TRUE,FALSE
"16",2010-04-18,201016,3550308,676,"SP",3521,35016,TRUE,FALSE,TRUE,FALSE,TRUE,FALSE
"17",2010-04-25,201017,3550308,904,"SP",3521,35016,TRUE,FALSE,TRUE,FALSE,TRUE,FALSE
"18",2010-05-02,201018,3550308,726,"SP",3521,35016,TRUE,FALSE,TRUE,FALSE,TRUE,FALSE
"19",2010-05-09,201019,3550308,515,"SP",3521,35016,TRUE,FALSE,TRUE,FALSE,TRUE,FALSE
"20",2010-05-16,201020,3550308,289,"SP",3521,35016,TRUE,FALSE,TRUE,FALSE,TRUE,FALSE
"21",2010-05-23,201021,3550308,186,"SP",3521,35016,TRUE,FALSE,TRUE,FALSE,TRUE,FALSE
"22",2010-05-30,201022,3550308,162,"SP",3521,35016,TRUE,FALSE,TRUE,FALSE,TRUE,FALSE
"23",2010-06-06,201023,3550308,108,"SP",3521,35016,TRUE,FALSE,TRUE,FALSE,TRUE,FALSE
"24",2010-06-13,201024,3550308,53,"SP",3521,35016,TRUE,FALSE,TRUE,FALSE,TRUE,FALSE
"25",2010-06-20,201025,3550308,39,"SP",3521,35016,TRUE,FALSE,TRUE,FALSE,TRUE,FALSE
"26",2010-06-27,201026,3550308,43,"SP",3521,35016,TRUE,FALSE,TRUE,FALSE,TRUE,FALSE
"27",2010-07-04,201027,3550308,43,"SP",3521,35016,TRUE,FALSE,TRUE,FALSE,TRUE,FALSE
"28",2010-07-11,201028,3550308,30,"SP",3521,35016,TRUE,FALSE,TRUE,FALSE,TRUE,FALSE
"29",2010-07-18,201029,3550308,40,"SP",3521,35016,TRUE,FALSE,TRUE,FALSE,TRUE,FALSE
"30",2010-07-25,201030,3550308,30,"SP",3521,35016,TRUE,FALSE,TRUE,FALSE,TRUE,FALSE
"31",2010-08-01,201031,3550308,10,"SP",3521,35016,TRUE,FALSE,TRUE,FALSE,TRUE,FALSE
"32",2010-08-08,201032,3550308,15,"SP",3521,35016,TRUE,FALSE,TRUE,FALSE,TRUE,FALSE
"33",2010-08-15,201033,3550308,10,"SP",3521,35016,TRUE,FALSE,TRUE,FALSE,TRUE,FALSE
"34",2010-08-22,201034,3550308,9,"SP",3521,35016,TRUE,FALSE,TRUE,FALSE,TRUE,FALSE
"35",2010-08-29,201035,3550308,8,"SP",3521,35016,TRUE,FALSE,TRUE,FALSE,TRUE,FALSE
"36",2010-09-05,201036,3550308,11,"SP",3521,35016,TRUE,FALSE,TRUE,FALSE,TRUE,FALSE
"37",2010-09-12,201037,3550308,5,"SP",3521,35016,TRUE,FALSE,TRUE,FALSE,TRUE,FALSE
"38",2010-09-19,201038,3550308,10,"SP",3521,35016,TRUE,FALSE,TRUE,FALSE,TRUE,FALSE
"39",2010-09-26,201039,3550308,6,"SP",3521,35016,TRUE,FALSE,TRUE,FALSE,TRUE,FALSE
"40",2010-10-03,201040,3550308,5,"SP",3521,35016,TRUE,FALSE,TRUE,FALSE,TRUE,FALSE
"41",2010-10-10,201041,3550308,5,"SP",3521,35016,TRUE,FALSE,TRUE,FALSE,TRUE,FALSE
"42",2010-10-17,201042,3550308,7,"SP",3521,35016,TRUE,FALSE,TRUE,FALSE,TRUE,FALSE
"43",2010-10-24,201043,3550308,12,"SP",3521,35016,TRUE,FALSE,TRUE,FALSE,TRUE,FALSE
"44",2010-10-31,201044,3550308,6,"SP",3521,35016,TRUE,FALSE,TRUE,FALSE,TRUE,FALSE
"45",2010-11-07,201045,3550308,13,"SP",3521,35016,TRUE,FALSE,TRUE,FALSE,TRUE,FALSE
"46",2010-11-14,201046,3550308,13,"SP",3521,35016,TRUE,FALSE,TRUE,FALSE,TRUE,FALSE
"47",2010-11-21,201047,3550308,14,"SP",3521,35016,TRUE,FALSE,TRUE,FALSE,TRUE,FALSE
"48",2010-11-28,201048,3550308,24,"SP",3521,35016,TRUE,FALSE,TRUE,FALSE,TRUE,FALSE
"49",2010-12-05,201049,3550308,28,"SP",3521,35016,TRUE,FALSE,TRUE,FALSE,TRUE,FALSE
"50",2010-12-12,201050,3550308,22,"SP",3521,35016,TRUE,FALSE,TRUE,FALSE,TRUE,FALSE
"51",2010-12-19,201051,3550308,18,"SP",3521,35016,TRUE,FALSE,TRUE,FALSE,TRUE,FALSE
"52",2010-12-26,201052,3550308,22,"SP",3521,35016,TRUE,FALSE,TRUE,FALSE,TRUE,FALSE
"53",2011-01-02,201101,3550308,46,"SP",3521,35016,TRUE,FALSE,TRUE,FALSE,TRUE,FALSE
"54",2011-01-09,201102,3550308,72,"SP",3521,35016,TRUE,FALSE,TRUE,FALSE,TRUE,FALSE
"55",2011-01-16,201103,3550308,65,"SP",3521,35016,TRUE,FALSE,TRUE,FALSE,TRUE,FALSE
"56",2011-01-23,201104,3550308,75,"SP",3521,35016,TRUE,FALSE,TRUE,FALSE,TRUE,FALSE
"57",2011-01-30,201105,3550308,131,"SP",3521,35016,TRUE,FALSE,TRUE,FALSE,TRUE,FALSE
"58",2011-02-06,201106,3550308,126,"SP",3521,35016,TRUE,FALSE,TRUE,FALSE,TRUE,FALSE
"59",2011-02-13,201107,3550308,152,"SP",3521,35016,TRUE,FALSE,TRUE,FALSE,TRUE,FALSE
"60",2011-02-20,201108,3550308,203,"SP",3521,35016,TRUE,FALSE,TRUE,FALSE,TRUE,FALSE
"61",2011-02-27,201109,3550308,250,"SP",3521,35016,TRUE,FALSE,TRUE,FALSE,TRUE,FALSE
"62",2011-03-06,201110,3550308,196,"SP",3521,35016,TRUE,FALSE,TRUE,FALSE,TRUE,FALSE
"63",2011-03-13,201111,3550308,292,"SP",3521,35016,TRUE,FALSE,TRUE,FALSE,TRUE,FALSE
"64",2011-03-20,201112,3550308,365,"SP",3521,35016,TRUE,FALSE,TRUE,FALSE,TRUE,FALSE
"65",2011-03-27,201113,3550308,413,"SP",3521,35016,TRUE,FALSE,TRUE,FALSE,TRUE,FALSE
"66",2011-04-03,201114,3550308,484,"SP",3521,35016,TRUE,FALSE,TRUE,FALSE,TRUE,FALSE
"67",2011-04-10,201115,3550308,516,"SP",3521,35016,TRUE,FALSE,TRUE,FALSE,TRUE,FALSE
"68",2011-04-17,201116,3550308,585,"SP",3521,35016,TRUE,FALSE,TRUE,FALSE,TRUE,FALSE
"69",2011-04-24,201117,3550308,655,"SP",3521,35016,TRUE,FALSE,TRUE,FALSE,TRUE,FALSE
"70",2011-05-01,201118,3550308,485,"SP",3521,35016,TRUE,FALSE,TRUE,FALSE,TRUE,FALSE
"71",2011-05-08,201119,3550308,337,"SP",3521,35016,TRUE,FALSE,TRUE,FALSE,TRUE,FALSE
"72",2011-05-15,201120,3550308,256,"SP",3521,35016,TRUE,FALSE,TRUE,FALSE,TRUE,FALSE
"73",2011-05-22,201121,3550308,145,"SP",3521,35016,TRUE,FALSE,TRUE,FALSE,TRUE,FALSE
"74",2011-05-29,201122,3550308,101,"SP",3521,35016,TRUE,FALSE,TRUE,FALSE,TRUE,FALSE
"75",2011-06-05,201123,3550308,45,"SP",3521,35016,TRUE,FALSE,TRUE,FALSE,TRUE,FALSE
"76",2011-06-12,201124,3550308,36,"SP",3521,35016,TRUE,FALSE,TRUE,FALSE,TRUE,FALSE
"77",2011-06-19,201125,3550308,31,"SP",3521,35016,TRUE,FALSE,TRUE,FALSE,TRUE,FALSE
"78",2011-06-26,201126,3550308,35,"SP",3521,35016,TRUE,FALSE,TRUE,FALSE,TRUE,FALSE
"79",2011-07-03,201127,3550308,18,"SP",3521,35016,TRUE,FALSE,TRUE,FALSE,TRUE,FALSE
"80",2011-07-10,201128,3550308,17,"SP",3521,35016,TRUE,FALSE,TRUE,FALSE,TRUE,FALSE
"81",2011-07-17,201129,3550308,28,"SP",3521,35016,TRUE,FALSE,TRUE,FALSE,TRUE,FALSE
"82",2011-07-24,201130,3550308,13,"SP",3521,35016,TRUE,FALSE,TRUE,FALSE,TRUE,FALSE
"83",2011-07-31,201131,3550308,9,"SP",3521,35016,TRUE,FALSE,TRUE,FALSE,TRUE,FALSE
"84",2011-08-07,201132,3550308,12,"SP",3521,35016,TRUE,FALSE,TRUE,FALSE,TRUE,FALSE
"85",2011-08-14,201133,3550308,11,"SP",3521,35016,TRUE,FALSE,TRUE,FALSE,TRUE,FALSE
"86",2011-08-21,201134,3550308,6,"SP",3521,35016,TRUE,FALSE,TRUE,FALSE,TRUE,FALSE
"87",2011-08-28,201135,3550308,12,"SP",3521,35016,TRUE,FALSE,TRUE,FALSE,TRUE,FALSE
"88",2011-09-04,201136,3550308,10,"SP",3521,35016,TRUE,FALSE,TRUE,FALSE,TRUE,FALSE
"89",2011-09-11,201137,3550308,12,"SP",3521,35016,TRUE,FALSE,TRUE,FALSE,TRUE,FALSE
"90",2011-09-18,201138,3550308,8,"SP",3521,35016,TRUE,FALSE,TRUE,FALSE,TRUE,FALSE
"91",2011-09-25,201139,3550308,11,"SP",3521,35016,TRUE,FALSE,TRUE,FALSE,TRUE,FALSE
"92",2011-10-02,201140,3550308,6,"SP",3521,35016,TRUE,FALSE,TRUE,FALSE,TRUE,FALSE
"93",2011-10-09,201141,3550308,10,"SP",3521,35016,TRUE,FALSE,TRUE,FALSE,TRUE,FALSE
"94",2011-10-16,201142,3550308,7,"SP",3521,35016,TRUE,FALSE,TRUE,FALSE,TRUE,FALSE
"95",2011-10-23,201143,3550308,9,"SP",3521,35016,TRUE,FALSE,TRUE,FALSE,TRUE,FALSE
"96",2011-10-30,201144,3550308,1,"SP",3521,35016,TRUE,FALSE,TRUE,FALSE,TRUE,FALSE
"97",2011-11-06,201145,3550308,13,"SP",3521,35016,TRUE,FALSE,TRUE,FALSE,TRUE,FALSE
"98",2011-11-13,201146,3550308,9,"SP",3521,35016,TRUE,FALSE,TRUE,FALSE,TRUE,FALSE
"99",2011-11-20,201147,3550308,8,"SP",3521,35016,TRUE,FALSE,TRUE,FALSE,TRUE,FALSE
"100",2011-11-27,201148,3550308,9,"SP",3521,35016,TRUE,FALSE,TRUE,FALSE,TRUE,FALSE
"101",2011-12-04,201149,3550308,12,"SP",3521,35016,TRUE,FALSE,TRUE,FALSE,TRUE,FALSE
"102",2011-12-11,201150,3550308,13,"SP",3521,35016,TRUE,FALSE,TRUE,FALSE,TRUE,FALSE
"103",2011-12-18,201151,3550308,10,"SP",3521,35016,TRUE,FALSE,TRUE,FALSE,TRUE,FALSE
"104",2011-12-25,201152,3550308,22,"SP",3521,35016,TRUE,FALSE,TRUE,FALSE,TRUE,FALSE
"105",2012-01-01,201201,3550308,34,"SP",3521,35016,TRUE,FALSE,TRUE,FALSE,TRUE,FALSE
"106",2012-01-08,201202,3550308,50,"SP",3521,35016,TRUE,FALSE,TRUE,FALSE,TRUE,FALSE
"107",2012-01-15,201203,3550308,43,"SP",3521,35016,TRUE,FALSE,TRUE,FALSE,TRUE,FALSE
"108",2012-01-22,201204,3550308,41,"SP",3521,35016,TRUE,FALSE,TRUE,FALSE,TRUE,FALSE
"109",2012-01-29,201205,3550308,42,"SP",3521,35016,TRUE,FALSE,TRUE,FALSE,TRUE,FALSE
"110",2012-02-05,201206,3550308,36,"SP",3521,35016,TRUE,FALSE,TRUE,FALSE,TRUE,FALSE
"111",2012-02-12,201207,3550308,40,"SP",3521,35016,TRUE,FALSE,TRUE,FALSE,TRUE,FALSE
"112",2012-02-19,201208,3550308,47,"SP",3521,35016,TRUE,FALSE,TRUE,FALSE,TRUE,FALSE
"113",2012-02-26,201209,3550308,54,"SP",3521,35016,TRUE,FALSE,TRUE,FALSE,TRUE,FALSE
"114",2012-03-04,201210,3550308,67,"SP",3521,35016,TRUE,FALSE,TRUE,FALSE,TRUE,FALSE
"115",2012-03-11,201211,3550308,89,"SP",3521,35016,TRUE,FALSE,TRUE,FALSE,TRUE,FALSE
"116",2012-03-18,201212,3550308,83,"SP",3521,35016,TRUE,FALSE,TRUE,FALSE,TRUE,FALSE
"117",2012-03-25,201213,3550308,104,"SP",3521,35016,TRUE,FALSE,TRUE,FALSE,TRUE,FALSE
"118",2012-04-01,201214,3550308,117,"SP",3521,35016,TRUE,FALSE,TRUE,FALSE,TRUE,FALSE
"119",2012-04-08,201215,3550308,163,"SP",3521,35016,TRUE,FALSE,TRUE,FALSE,TRUE,FALSE
"120",2012-04-15,201216,3550308,168,"SP",3521,35016,TRUE,FALSE,TRUE,FALSE,TRUE,FALSE
"121",2012-04-22,201217,3550308,167,"SP",3521,35016,TRUE,FALSE,TRUE,FALSE,TRUE,FALSE
"122",2012-04-29,201218,3550308,122,"SP",3521,35016,TRUE,FALSE,TRUE,FALSE,TRUE,FALSE
"123",2012-05-06,201219,3550308,73,"SP",3521,35016,TRUE,FALSE,TRUE,FALSE,TRUE,FALSE
"124",2012-05-13,201220,3550308,48,"SP",3521,35016,TRUE,FALSE,TRUE,FALSE,TRUE,FALSE
"125",2012-05-20,201221,3550308,47,"SP",3521,35016,TRUE,FALSE,TRUE,FALSE,TRUE,FALSE
"126",2012-05-27,201222,3550308,28,"SP",3521,35016,TRUE,FALSE,TRUE,FALSE,TRUE,FALSE
"127",2012-06-03,201223,3550308,22,"SP",3521,35016,TRUE,FALSE,TRUE,FALSE,TRUE,FALSE
"128",2012-06-10,201224,3550308,23,"SP",3521,35016,TRUE,FALSE,TRUE,FALSE,TRUE,FALSE
"129",2012-06-17,201225,3550308,23,"SP",3521,35016,TRUE,FALSE,TRUE,FALSE,TRUE,FALSE
"130",2012-06-24,201226,3550308,25,"SP",3521,35016,TRUE,FALSE,TRUE,FALSE,TRUE,FALSE
"131",2012-07-01,201227,3550308,10,"SP",3521,35016,TRUE,FALSE,TRUE,FALSE,TRUE,FALSE
"132",2012-07-08,201228,3550308,11,"SP",3521,35016,TRUE,FALSE,TRUE,FALSE,TRUE,FALSE
"133",2012-07-15,201229,3550308,15,"SP",3521,35016,TRUE,FALSE,TRUE,FALSE,TRUE,FALSE
"134",2012-07-22,201230,3550308,13,"SP",3521,35016,TRUE,FALSE,TRUE,FALSE,TRUE,FALSE
"135",2012-07-29,201231,3550308,13,"SP",3521,35016,TRUE,FALSE,TRUE,FALSE,TRUE,FALSE
"136",2012-08-05,201232,3550308,7,"SP",3521,35016,TRUE,FALSE,TRUE,FALSE,TRUE,FALSE
"137",2012-08-12,201233,3550308,4,"SP",3521,35016,TRUE,FALSE,TRUE,FALSE,TRUE,FALSE
"138",2012-08-19,201234,3550308,4,"SP",3521,35016,TRUE,FALSE,TRUE,FALSE,TRUE,FALSE
"139",2012-08-26,201235,3550308,5,"SP",3521,35016,TRUE,FALSE,TRUE,FALSE,TRUE,FALSE
"140",2012-09-02,201236,3550308,5,"SP",3521,35016,TRUE,FALSE,TRUE,FALSE,TRUE,FALSE
"141",2012-09-09,201237,3550308,7,"SP",3521,35016,TRUE,FALSE,TRUE,FALSE,TRUE,FALSE
"142",2012-09-16,201238,3550308,12,"SP",3521,35016,TRUE,FALSE,TRUE,FALSE,TRUE,FALSE
"143",2012-09-23,201239,3550308,7,"SP",3521,35016,TRUE,FALSE,TRUE,FALSE,TRUE,FALSE
"144",2012-09-30,201240,3550308,6,"SP",3521,35016,TRUE,FALSE,TRUE,FALSE,TRUE,FALSE
"145",2012-10-07,201241,3550308,7,"SP",3521,35016,TRUE,FALSE,TRUE,FALSE,TRUE,FALSE
"146",2012-10-14,201242,3550308,11,"SP",3521,35016,TRUE,FALSE,TRUE,FALSE,TRUE,FALSE
"147",2012-10-21,201243,3550308,9,"SP",3521,35016,TRUE,FALSE,TRUE,FALSE,TRUE,FALSE
"148",2012-10-28,201244,3550308,6,"SP",3521,35016,TRUE,FALSE,TRUE,FALSE,TRUE,FALSE
"149",2012-11-04,201245,3550308,8,"SP",3521,35016,TRUE,FALSE,TRUE,FALSE,TRUE,FALSE
"150",2012-11-11,201246,3550308,7,"SP",3521,35016,TRUE,FALSE,TRUE,FALSE,TRUE,FALSE
"151",2012-11-18,201247,3550308,10,"SP",3521,35016,TRUE,FALSE,TRUE,FALSE,TRUE,FALSE
"152",2012-11-25,201248,3550308,11,"SP",3521,35016,TRUE,FALSE,TRUE,FALSE,TRUE,FALSE
"153",2012-12-02,201249,3550308,19,"SP",3521,35016,TRUE,FALSE,TRUE,FALSE,TRUE,FALSE
"154",2012-12-09,201250,3550308,9,"SP",3521,35016,TRUE,FALSE,TRUE,FALSE,TRUE,FALSE
"155",2012-12-16,201251,3550308,12,"SP",3521,35016,TRUE,FALSE,TRUE,FALSE,TRUE,FALSE
"156",2012-12-23,201252,3550308,27,"SP",3521,35016,TRUE,FALSE,TRUE,FALSE,TRUE,FALSE
"157",2012-12-30,201301,3550308,65,"SP",3521,35016,TRUE,FALSE,TRUE,FALSE,TRUE,FALSE
"158",2013-01-06,201302,3550308,83,"SP",3521,35016,TRUE,FALSE,TRUE,FALSE,TRUE,FALSE
"159",2013-01-13,201303,3550308,82,"SP",3521,35016,TRUE,FALSE,TRUE,FALSE,TRUE,FALSE
"160",2013-01-20,201304,3550308,75,"SP",3521,35016,TRUE,FALSE,TRUE,FALSE,TRUE,FALSE
"161",2013-01-27,201305,3550308,97,"SP",3521,35016,TRUE,FALSE,TRUE,FALSE,TRUE,FALSE
"162",2013-02-03,201306,3550308,74,"SP",3521,35016,TRUE,FALSE,TRUE,FALSE,TRUE,FALSE
"163",2013-02-10,201307,3550308,88,"SP",3521,35016,TRUE,FALSE,TRUE,FALSE,TRUE,FALSE
"164",2013-02-17,201308,3550308,167,"SP",3521,35016,TRUE,FALSE,TRUE,FALSE,TRUE,FALSE
"165",2013-02-24,201309,3550308,226,"SP",3521,35016,TRUE,FALSE,TRUE,FALSE,TRUE,FALSE
"166",2013-03-03,201310,3550308,244,"SP",3521,35016,TRUE,FALSE,TRUE,FALSE,TRUE,FALSE
"167",2013-03-10,201311,3550308,354,"SP",3521,35016,TRUE,FALSE,TRUE,FALSE,TRUE,FALSE
"168",2013-03-17,201312,3550308,415,"SP",3521,35016,TRUE,FALSE,TRUE,FALSE,TRUE,FALSE
"169",2013-03-24,201313,3550308,324,"SP",3521,35016,TRUE,FALSE,TRUE,FALSE,TRUE,FALSE
"170",2013-03-31,201314,3550308,422,"SP",3521,35016,TRUE,FALSE,TRUE,FALSE,TRUE,FALSE
"171",2013-04-07,201315,3550308,511,"SP",3521,35016,TRUE,FALSE,TRUE,FALSE,TRUE,FALSE
"172",2013-04-14,201316,3550308,447,"SP",3521,35016,TRUE,FALSE,TRUE,FALSE,TRUE,FALSE
"173",2013-04-21,201317,3550308,286,"SP",3521,35016,TRUE,FALSE,TRUE,FALSE,TRUE,FALSE
"174",2013-04-28,201318,3550308,213,"SP",3521,35016,TRUE,FALSE,TRUE,FALSE,TRUE,FALSE
"175",2013-05-05,201319,3550308,198,"SP",3521,35016,TRUE,FALSE,TRUE,FALSE,TRUE,FALSE
"176",2013-05-12,201320,3550308,168,"SP",3521,35016,TRUE,FALSE,TRUE,FALSE,TRUE,FALSE
"177",2013-05-19,201321,3550308,121,"SP",3521,35016,TRUE,FALSE,TRUE,FALSE,TRUE,FALSE
"178",2013-05-26,201322,3550308,77,"SP",3521,35016,TRUE,FALSE,TRUE,FALSE,TRUE,FALSE
"179",2013-06-02,201323,3550308,58,"SP",3521,35016,TRUE,FALSE,TRUE,FALSE,TRUE,FALSE
"180",2013-06-09,201324,3550308,42,"SP",3521,35016,TRUE,FALSE,TRUE,FALSE,TRUE,FALSE
"181",2013-06-16,201325,3550308,40,"SP",3521,35016,TRUE,FALSE,TRUE,FALSE,TRUE,FALSE
"182",2013-06-23,201326,3550308,31,"SP",3521,35016,TRUE,FALSE,TRUE,FALSE,TRUE,FALSE
"183",2013-06-30,201327,3550308,25,"SP",3521,35016,TRUE,FALSE,TRUE,FALSE,TRUE,FALSE
"184",2013-07-07,201328,3550308,20,"SP",3521,35016,TRUE,FALSE,TRUE,FALSE,TRUE,FALSE
"185",2013-07-14,201329,3550308,26,"SP",3521,35016,TRUE,FALSE,TRUE,FALSE,TRUE,FALSE
"186",2013-07-21,201330,3550308,19,"SP",3521,35016,TRUE,FALSE,TRUE,FALSE,TRUE,FALSE
"187",2013-07-28,201331,3550308,28,"SP",3521,35016,TRUE,FALSE,TRUE,FALSE,TRUE,FALSE
"188",2013-08-04,201332,3550308,20,"SP",3521,35016,TRUE,FALSE,TRUE,FALSE,TRUE,FALSE
"189",2013-08-11,201333,3550308,8,"SP",3521,35016,TRUE,FALSE,TRUE,FALSE,TRUE,FALSE
"190",2013-08-18,201334,3550308,10,"SP",3521,35016,TRUE,FALSE,TRUE,FALSE,TRUE,FALSE
"191",2013-08-25,201335,3550308,7,"SP",3521,35016,TRUE,FALSE,TRUE,FALSE,TRUE,FALSE
"192",2013-09-01,201336,3550308,12,"SP",3521,35016,TRUE,FALSE,TRUE,FALSE,TRUE,FALSE
"193",2013-09-08,201337,3550308,8,"SP",3521,35016,TRUE,FALSE,TRUE,FALSE,TRUE,FALSE
"194",2013-09-15,201338,3550308,7,"SP",3521,35016,TRUE,FALSE,TRUE,FALSE,TRUE,FALSE
"195",2013-09-22,201339,3550308,14,"SP",3521,35016,TRUE,FALSE,TRUE,FALSE,TRUE,FALSE
"196",2013-09-29,201340,3550308,10,"SP",3521,35016,TRUE,FALSE,TRUE,FALSE,TRUE,FALSE
"197",2013-10-06,201341,3550308,12,"SP",3521,35016,TRUE,FALSE,TRUE,FALSE,TRUE,FALSE
"198",2013-10-13,201342,3550308,9,"SP",3521,35016,TRUE,FALSE,TRUE,FALSE,TRUE,FALSE
"199",2013-10-20,201343,3550308,11,"SP",3521,35016,TRUE,FALSE,TRUE,FALSE,TRUE,FALSE
"200",2013-10-27,201344,3550308,15,"SP",3521,35016,TRUE,FALSE,TRUE,FALSE,TRUE,FALSE
"201",2013-11-03,201345,3550308,16,"SP",3521,35016,TRUE,FALSE,TRUE,FALSE,TRUE,FALSE
"202",2013-11-10,201346,3550308,13,"SP",3521,35016,TRUE,FALSE,TRUE,FALSE,TRUE,FALSE
"203",2013-11-17,201347,3550308,16,"SP",3521,35016,TRUE,FALSE,TRUE,FALSE,TRUE,FALSE
"204",2013-11-24,201348,3550308,23,"SP",3521,35016,TRUE,FALSE,TRUE,FALSE,TRUE,FALSE
"205",2013-12-01,201349,3550308,21,"SP",3521,35016,TRUE,FALSE,TRUE,FALSE,TRUE,FALSE
"206",2013-12-08,201350,3550308,25,"SP",3521,35016,TRUE,FALSE,TRUE,FALSE,TRUE,FALSE
"207",2013-12-15,201351,3550308,20,"SP",3521,35016,TRUE,FALSE,TRUE,FALSE,TRUE,FALSE
"208",2013-12-22,201352,3550308,29,"SP",3521,35016,TRUE,FALSE,TRUE,FALSE,TRUE,FALSE
"209",2013-12-29,201401,3550308,21,"SP",3521,35016,TRUE,FALSE,TRUE,FALSE,TRUE,FALSE
"210",2014-01-05,201402,3550308,34,"SP",3521,35016,TRUE,FALSE,TRUE,FALSE,TRUE,FALSE
"211",2014-01-12,201403,3550308,58,"SP",3521,35016,TRUE,FALSE,TRUE,FALSE,TRUE,FALSE
"212",2014-01-19,201404,3550308,58,"SP",3521,35016,TRUE,FALSE,TRUE,FALSE,TRUE,FALSE
"213",2014-01-26,201405,3550308,100,"SP",3521,35016,TRUE,FALSE,TRUE,FALSE,TRUE,FALSE
"214",2014-02-02,201406,3550308,100,"SP",3521,35016,TRUE,FALSE,TRUE,FALSE,TRUE,FALSE
"215",2014-02-09,201407,3550308,227,"SP",3521,35016,TRUE,FALSE,TRUE,FALSE,TRUE,FALSE
"216",2014-02-16,201408,3550308,301,"SP",3521,35016,TRUE,FALSE,TRUE,FALSE,TRUE,FALSE
"217",2014-02-23,201409,3550308,378,"SP",3521,35016,TRUE,FALSE,TRUE,FALSE,TRUE,FALSE
"218",2014-03-02,201410,3550308,615,"SP",3521,35016,TRUE,FALSE,TRUE,FALSE,TRUE,FALSE
"219",2014-03-09,201411,3550308,844,"SP",3521,35016,TRUE,FALSE,TRUE,FALSE,TRUE,FALSE
"220",2014-03-16,201412,3550308,1382,"SP",3521,35016,TRUE,FALSE,TRUE,FALSE,TRUE,FALSE
"221",2014-03-23,201413,3550308,2175,"SP",3521,35016,TRUE,FALSE,TRUE,FALSE,TRUE,FALSE
"222",2014-03-30,201414,3550308,2670,"SP",3521,35016,TRUE,FALSE,TRUE,FALSE,TRUE,FALSE
"223",2014-04-06,201415,3550308,3654,"SP",3521,35016,TRUE,FALSE,TRUE,FALSE,TRUE,FALSE
"224",2014-04-13,201416,3550308,5070,"SP",3521,35016,TRUE,FALSE,TRUE,FALSE,TRUE,FALSE
"225",2014-04-20,201417,3550308,4306,"SP",3521,35016,TRUE,FALSE,TRUE,FALSE,TRUE,FALSE
"226",2014-04-27,201418,3550308,3796,"SP",3521,35016,TRUE,FALSE,TRUE,FALSE,TRUE,FALSE
"227",2014-05-04,201419,3550308,2637,"SP",3521,35016,TRUE,FALSE,TRUE,FALSE,TRUE,FALSE
"228",2014-05-11,201420,3550308,2734,"SP",3521,35016,TRUE,FALSE,TRUE,FALSE,TRUE,FALSE
"229",2014-05-18,201421,3550308,1630,"SP",3521,35016,TRUE,FALSE,TRUE,FALSE,TRUE,FALSE
"230",2014-05-25,201422,3550308,1185,"SP",3521,35016,TRUE,FALSE,TRUE,FALSE,TRUE,FALSE
"231",2014-06-01,201423,3550308,640,"SP",3521,35016,TRUE,FALSE,TRUE,FALSE,TRUE,FALSE
"232",2014-06-08,201424,3550308,458,"SP",3521,35016,TRUE,FALSE,TRUE,FALSE,TRUE,FALSE
"233",2014-06-15,201425,3550308,452,"SP",3521,35016,TRUE,FALSE,TRUE,FALSE,TRUE,FALSE
"234",2014-06-22,201426,3550308,343,"SP",3521,35016,TRUE,FALSE,TRUE,FALSE,TRUE,FALSE
"235",2014-06-29,201427,3550308,223,"SP",3521,35016,TRUE,FALSE,TRUE,FALSE,TRUE,FALSE
"236",2014-07-06,201428,3550308,154,"SP",3521,35016,TRUE,FALSE,TRUE,FALSE,TRUE,FALSE
"237",2014-07-13,201429,3550308,111,"SP",3521,35016,TRUE,FALSE,TRUE,FALSE,TRUE,FALSE
"238",2014-07-20,201430,3550308,110,"SP",3521,35016,TRUE,FALSE,TRUE,FALSE,TRUE,FALSE
"239",2014-07-27,201431,3550308,72,"SP",3521,35016,TRUE,FALSE,TRUE,FALSE,TRUE,FALSE
"240",2014-08-03,201432,3550308,59,"SP",3521,35016,TRUE,FALSE,TRUE,FALSE,TRUE,FALSE
"241",2014-08-10,201433,3550308,45,"SP",3521,35016,TRUE,FALSE,TRUE,FALSE,TRUE,FALSE
"242",2014-08-17,201434,3550308,52,"SP",3521,35016,TRUE,FALSE,TRUE,FALSE,TRUE,FALSE
"243",2014-08-24,201435,3550308,29,"SP",3521,35016,TRUE,FALSE,TRUE,FALSE,TRUE,FALSE
"244",2014-08-31,201436,3550308,43,"SP",3521,35016,TRUE,FALSE,TRUE,FALSE,TRUE,FALSE
"245",2014-09-07,201437,3550308,41,"SP",3521,35016,TRUE,FALSE,TRUE,FALSE,TRUE,FALSE
"246",2014-09-14,201438,3550308,38,"SP",3521,35016,TRUE,FALSE,TRUE,FALSE,TRUE,FALSE
"247",2014-09-21,201439,3550308,36,"SP",3521,35016,TRUE,FALSE,TRUE,FALSE,TRUE,FALSE
"248",2014-09-28,201440,3550308,32,"SP",3521,35016,TRUE,FALSE,TRUE,FALSE,TRUE,FALSE
"249",2014-10-05,201441,3550308,28,"SP",3521,35016,TRUE,FALSE,TRUE,FALSE,TRUE,FALSE
"250",2014-10-12,201442,3550308,44,"SP",3521,35016,TRUE,FALSE,TRUE,FALSE,TRUE,FALSE
"251",2014-10-19,201443,3550308,22,"SP",3521,35016,TRUE,FALSE,TRUE,FALSE,TRUE,FALSE
"252",2014-10-26,201444,3550308,43,"SP",3521,35016,TRUE,FALSE,TRUE,FALSE,TRUE,FALSE
"253",2014-11-02,201445,3550308,41,"SP",3521,35016,TRUE,FALSE,TRUE,FALSE,TRUE,FALSE
"254",2014-11-09,201446,3550308,32,"SP",3521,35016,TRUE,FALSE,TRUE,FALSE,TRUE,FALSE
"255",2014-11-16,201447,3550308,30,"SP",3521,35016,TRUE,FALSE,TRUE,FALSE,TRUE,FALSE
"256",2014-11-23,201448,3550308,44,"SP",3521,35016,TRUE,FALSE,TRUE,FALSE,TRUE,FALSE
"257",2014-11-30,201449,3550308,28,"SP",3521,35016,TRUE,FALSE,TRUE,FALSE,TRUE,FALSE
"258",2014-12-07,201450,3550308,38,"SP",3521,35016,TRUE,FALSE,TRUE,FALSE,TRUE,FALSE
"259",2014-12-14,201451,3550308,30,"SP",3521,35016,TRUE,FALSE,TRUE,FALSE,TRUE,FALSE
"260",2014-12-21,201452,3550308,42,"SP",3521,35016,TRUE,FALSE,TRUE,FALSE,TRUE,FALSE
"261",2014-12-28,201453,3550308,92,"SP",3521,35016,TRUE,FALSE,TRUE,FALSE,TRUE,FALSE
"262",2015-01-04,201501,3550308,174,"SP",3521,35016,TRUE,FALSE,TRUE,FALSE,TRUE,FALSE
"263",2015-01-11,201502,3550308,190,"SP",3521,35016,TRUE,FALSE,TRUE,FALSE,TRUE,FALSE
"264",2015-01-18,201503,3550308,387,"SP",3521,35016,TRUE,FALSE,TRUE,FALSE,TRUE,FALSE
"265",2015-01-25,201504,3550308,551,"SP",3521,35016,TRUE,FALSE,TRUE,FALSE,TRUE,FALSE
"266",2015-02-01,201505,3550308,1024,"SP",3521,35016,TRUE,FALSE,TRUE,FALSE,TRUE,FALSE
"267",2015-02-08,201506,3550308,1251,"SP",3521,35016,TRUE,FALSE,TRUE,FALSE,TRUE,FALSE
"268",2015-02-15,201507,3550308,2097,"SP",3521,35016,TRUE,FALSE,TRUE,FALSE,TRUE,FALSE
"269",2015-02-22,201508,3550308,3330,"SP",3521,35016,TRUE,FALSE,TRUE,FALSE,TRUE,FALSE
"270",2015-03-01,201509,3550308,5676,"SP",3521,35016,TRUE,FALSE,TRUE,FALSE,TRUE,FALSE
"271",2015-03-08,201510,3550308,7688,"SP",3521,35016,TRUE,FALSE,TRUE,FALSE,TRUE,FALSE
"272",2015-03-15,201511,3550308,9640,"SP",3521,35016,TRUE,FALSE,TRUE,FALSE,TRUE,FALSE
"273",2015-03-22,201512,3550308,3625,"SP",3521,35016,TRUE,FALSE,TRUE,FALSE,TRUE,FALSE
"274",2015-03-29,201513,3550308,3146,"SP",3521,35016,TRUE,FALSE,TRUE,FALSE,TRUE,FALSE
"275",2015-04-05,201514,3550308,3787,"SP",3521,35016,TRUE,FALSE,TRUE,FALSE,TRUE,FALSE
"276",2015-04-12,201515,3550308,3546,"SP",3521,35016,TRUE,FALSE,TRUE,FALSE,TRUE,FALSE
"277",2015-04-19,201516,3550308,3477,"SP",3521,35016,TRUE,FALSE,TRUE,FALSE,TRUE,FALSE
"278",2015-04-26,201517,3550308,3057,"SP",3521,35016,TRUE,FALSE,TRUE,FALSE,TRUE,FALSE
"279",2015-05-03,201518,3550308,2233,"SP",3521,35016,TRUE,FALSE,TRUE,FALSE,TRUE,FALSE
"280",2015-05-10,201519,3550308,1320,"SP",3521,35016,TRUE,FALSE,TRUE,FALSE,TRUE,FALSE
"281",2015-05-17,201520,3550308,804,"SP",3521,35016,TRUE,FALSE,TRUE,FALSE,TRUE,FALSE
"282",2015-05-24,201521,3550308,538,"SP",3521,35016,TRUE,FALSE,TRUE,FALSE,TRUE,FALSE
"283",2015-05-31,201522,3550308,425,"SP",3521,35016,TRUE,FALSE,TRUE,FALSE,TRUE,FALSE
"284",2015-06-07,201523,3550308,238,"SP",3521,35016,TRUE,FALSE,TRUE,FALSE,TRUE,FALSE
"285",2015-06-14,201524,3550308,153,"SP",3521,35016,TRUE,FALSE,TRUE,FALSE,TRUE,FALSE
"286",2015-06-21,201525,3550308,91,"SP",3521,35016,TRUE,FALSE,TRUE,FALSE,TRUE,FALSE
"287",2015-06-28,201526,3550308,140,"SP",3521,35016,TRUE,FALSE,TRUE,FALSE,TRUE,FALSE
"288",2015-07-05,201527,3550308,87,"SP",3521,35016,TRUE,FALSE,TRUE,FALSE,TRUE,FALSE
"289",2015-07-12,201528,3550308,76,"SP",3521,35016,TRUE,FALSE,TRUE,FALSE,TRUE,FALSE
"290",2015-07-19,201529,3550308,89,"SP",3521,35016,TRUE,FALSE,TRUE,FALSE,TRUE,FALSE
"291",2015-07-26,201530,3550308,60,"SP",3521,35016,TRUE,FALSE,TRUE,FALSE,TRUE,FALSE
"292",2015-08-02,201531,3550308,40,"SP",3521,35016,TRUE,FALSE,TRUE,FALSE,TRUE,FALSE
"293",2015-08-09,201532,3550308,44,"SP",3521,35016,TRUE,FALSE,TRUE,FALSE,TRUE,FALSE
"294",2015-08-16,201533,3550308,26,"SP",3521,35016,TRUE,FALSE,TRUE,FALSE,TRUE,FALSE
"295",2015-08-23,201534,3550308,26,"SP",3521,35016,TRUE,FALSE,TRUE,FALSE,TRUE,FALSE
"296",2015-08-30,201535,3550308,23,"SP",3521,35016,TRUE,FALSE,TRUE,FALSE,TRUE,FALSE
"297",2015-09-06,201536,3550308,14,"SP",3521,35016,TRUE,FALSE,TRUE,FALSE,TRUE,FALSE
"298",2015-09-13,201537,3550308,22,"SP",3521,35016,TRUE,FALSE,TRUE,FALSE,TRUE,FALSE
"299",2015-09-20,201538,3550308,22,"SP",3521,35016,TRUE,FALSE,TRUE,FALSE,TRUE,FALSE
"300",2015-09-27,201539,3550308,33,"SP",3521,35016,TRUE,FALSE,TRUE,FALSE,TRUE,FALSE
"301",2015-10-04,201540,3550308,24,"SP",3521,35016,TRUE,FALSE,TRUE,FALSE,TRUE,FALSE
"302",2015-10-11,201541,3550308,37,"SP",3521,35016,TRUE,FALSE,TRUE,FALSE,TRUE,FALSE
"303",2015-10-18,201542,3550308,42,"SP",3521,35016,TRUE,FALSE,TRUE,FALSE,TRUE,FALSE
"304",2015-10-25,201543,3550308,35,"SP",3521,35016,TRUE,FALSE,TRUE,FALSE,TRUE,FALSE
"305",2015-11-01,201544,3550308,27,"SP",3521,35016,TRUE,FALSE,TRUE,FALSE,TRUE,FALSE
"306",2015-11-08,201545,3550308,53,"SP",3521,35016,TRUE,FALSE,TRUE,FALSE,TRUE,FALSE
"307",2015-11-15,201546,3550308,61,"SP",3521,35016,TRUE,FALSE,TRUE,FALSE,TRUE,FALSE
"308",2015-11-22,201547,3550308,94,"SP",3521,35016,TRUE,FALSE,TRUE,FALSE,TRUE,FALSE
"309",2015-11-29,201548,3550308,122,"SP",3521,35016,TRUE,FALSE,TRUE,FALSE,TRUE,FALSE
"310",2015-12-06,201549,3550308,149,"SP",3521,35016,TRUE,FALSE,TRUE,FALSE,TRUE,FALSE
"311",2015-12-13,201550,3550308,168,"SP",3521,35016,TRUE,FALSE,TRUE,FALSE,TRUE,FALSE
"312",2015-12-20,201551,3550308,197,"SP",3521,35016,TRUE,FALSE,TRUE,FALSE,TRUE,FALSE
"313",2015-12-27,201552,3550308,255,"SP",3521,35016,TRUE,FALSE,TRUE,FALSE,TRUE,FALSE
"314",2016-01-03,201601,3550308,85,"SP",3521,35016,TRUE,FALSE,TRUE,FALSE,TRUE,FALSE
"315",2016-01-10,201602,3550308,81,"SP",3521,35016,TRUE,FALSE,TRUE,FALSE,TRUE,FALSE
"316",2016-01-17,201603,3550308,75,"SP",3521,35016,TRUE,FALSE,TRUE,FALSE,TRUE,FALSE
"317",2016-01-24,201604,3550308,48,"SP",3521,35016,TRUE,FALSE,TRUE,FALSE,TRUE,FALSE
"318",2016-01-31,201605,3550308,98,"SP",3521,35016,TRUE,FALSE,TRUE,FALSE,TRUE,FALSE
"319",2016-02-07,201606,3550308,71,"SP",3521,35016,TRUE,FALSE,TRUE,FALSE,TRUE,FALSE
"320",2016-02-14,201607,3550308,95,"SP",3521,35016,TRUE,FALSE,TRUE,FALSE,TRUE,FALSE
"321",2016-02-21,201608,3550308,116,"SP",3521,35016,TRUE,FALSE,TRUE,FALSE,TRUE,FALSE
"322",2016-02-28,201609,3550308,148,"SP",3521,35016,TRUE,FALSE,TRUE,FALSE,TRUE,FALSE
"323",2016-03-06,201610,3550308,142,"SP",3521,35016,TRUE,FALSE,TRUE,FALSE,TRUE,FALSE
"324",2016-03-13,201611,3550308,140,"SP",3521,35016,TRUE,FALSE,TRUE,FALSE,TRUE,FALSE
"325",2016-03-20,201612,3550308,129,"SP",3521,35016,TRUE,FALSE,TRUE,FALSE,TRUE,FALSE
"326",2016-03-27,201613,3550308,114,"SP",3521,35016,TRUE,FALSE,TRUE,FALSE,TRUE,FALSE
"327",2016-04-03,201614,3550308,120,"SP",3521,35016,TRUE,FALSE,TRUE,FALSE,TRUE,FALSE
"328",2016-04-10,201615,3550308,99,"SP",3521,35016,TRUE,FALSE,TRUE,FALSE,TRUE,FALSE
"329",2016-04-17,201616,3550308,112,"SP",3521,35016,TRUE,FALSE,TRUE,FALSE,TRUE,FALSE
"330",2016-04-24,201617,3550308,110,"SP",3521,35016,TRUE,FALSE,TRUE,FALSE,TRUE,FALSE
"331",2016-05-01,201618,3550308,101,"SP",3521,35016,TRUE,FALSE,TRUE,FALSE,TRUE,FALSE
"332",2016-05-08,201619,3550308,52,"SP",3521,35016,TRUE,FALSE,TRUE,FALSE,TRUE,FALSE
"333",2016-05-15,201620,3550308,43,"SP",3521,35016,TRUE,FALSE,TRUE,FALSE,TRUE,FALSE
"334",2016-05-22,201621,3550308,33,"SP",3521,35016,TRUE,FALSE,TRUE,FALSE,TRUE,FALSE
"335",2016-05-29,201622,3550308,23,"SP",3521,35016,TRUE,FALSE,TRUE,FALSE,TRUE,FALSE
"336",2016-06-05,201623,3550308,14,"SP",3521,35016,TRUE,FALSE,TRUE,FALSE,TRUE,FALSE
"337",2016-06-12,201624,3550308,16,"SP",3521,35016,TRUE,FALSE,TRUE,FALSE,TRUE,FALSE
"338",2016-06-19,201625,3550308,7,"SP",3521,35016,TRUE,FALSE,TRUE,FALSE,TRUE,FALSE
"339",2016-06-26,201626,3550308,19,"SP",3521,35016,TRUE,FALSE,TRUE,FALSE,TRUE,FALSE
"340",2016-07-03,201627,3550308,40,"SP",3521,35016,TRUE,FALSE,TRUE,FALSE,TRUE,FALSE
"341",2016-07-10,201628,3550308,35,"SP",3521,35016,TRUE,FALSE,TRUE,FALSE,TRUE,FALSE
"342",2016-07-17,201629,3550308,15,"SP",3521,35016,TRUE,FALSE,TRUE,FALSE,TRUE,FALSE
"343",2016-07-24,201630,3550308,18,"SP",3521,35016,TRUE,FALSE,TRUE,FALSE,TRUE,FALSE
"344",2016-07-31,201631,3550308,28,"SP",3521,35016,TRUE,FALSE,TRUE,FALSE,TRUE,FALSE
"345",2016-08-07,201632,3550308,24,"SP",3521,35016,TRUE,FALSE,TRUE,FALSE,TRUE,FALSE
"346",2016-08-14,201633,3550308,25,"SP",3521,35016,TRUE,FALSE,TRUE,FALSE,TRUE,FALSE
"347",2016-08-21,201634,3550308,33,"SP",3521,35016,TRUE,FALSE,TRUE,FALSE,TRUE,FALSE
"348",2016-08-28,201635,3550308,27,"SP",3521,35016,TRUE,FALSE,TRUE,FALSE,TRUE,FALSE
"349",2016-09-04,201636,3550308,37,"SP",3521,35016,TRUE,FALSE,TRUE,FALSE,TRUE,FALSE
"350",2016-09-11,201637,3550308,24,"SP",3521,35016,TRUE,FALSE,TRUE,FALSE,TRUE,FALSE
"351",2016-09-18,201638,3550308,33,"SP",3521,35016,TRUE,FALSE,TRUE,FALSE,TRUE,FALSE
"352",2016-09-25,201639,3550308,23,"SP",3521,35016,TRUE,FALSE,TRUE,FALSE,TRUE,FALSE
"353",2016-10-02,201640,3550308,25,"SP",3521,35016,TRUE,FALSE,TRUE,FALSE,TRUE,FALSE
"354",2016-10-09,201641,3550308,34,"SP",3521,35016,TRUE,FALSE,TRUE,FALSE,TRUE,FALSE
"355",2016-10-16,201642,3550308,41,"SP",3521,35016,TRUE,FALSE,TRUE,FALSE,TRUE,FALSE
"356",2016-10-23,201643,3550308,51,"SP",3521,35016,TRUE,FALSE,TRUE,FALSE,TRUE,FALSE
"357",2016-10-30,201644,3550308,46,"SP",3521,35016,TRUE,FALSE,TRUE,FALSE,TRUE,FALSE
"358",2016-11-06,201645,3550308,72,"SP",3521,35016,TRUE,FALSE,TRUE,FALSE,TRUE,FALSE
"359",2016-11-13,201646,3550308,54,"SP",3521,35016,TRUE,FALSE,TRUE,FALSE,TRUE,FALSE
"360",2016-11-20,201647,3550308,56,"SP",3521,35016,TRUE,FALSE,TRUE,FALSE,TRUE,FALSE
"361",2016-11-27,201648,3550308,67,"SP",3521,35016,TRUE,FALSE,TRUE,FALSE,TRUE,FALSE
"362",2016-12-04,201649,3550308,48,"SP",3521,35016,TRUE,FALSE,TRUE,FALSE,TRUE,FALSE
"363",2016-12-11,201650,3550308,47,"SP",3521,35016,TRUE,FALSE,TRUE,FALSE,TRUE,FALSE
"364",2016-12-18,201651,3550308,53,"SP",3521,35016,TRUE,FALSE,TRUE,FALSE,TRUE,FALSE
"365",2016-12-25,201652,3550308,59,"SP",3521,35016,TRUE,FALSE,TRUE,FALSE,TRUE,FALSE
"366",2017-01-01,201701,3550308,19,"SP",3521,35016,TRUE,FALSE,TRUE,FALSE,TRUE,FALSE
"367",2017-01-08,201702,3550308,18,"SP",3521,35016,TRUE,FALSE,TRUE,FALSE,TRUE,FALSE
"368",2017-01-15,201703,3550308,12,"SP",3521,35016,TRUE,FALSE,TRUE,FALSE,TRUE,FALSE
"369",2017-01-22,201704,3550308,8,"SP",3521,35016,TRUE,FALSE,TRUE,FALSE,TRUE,FALSE
"370",2017-01-29,201705,3550308,17,"SP",3521,35016,TRUE,FALSE,TRUE,FALSE,TRUE,FALSE
"371",2017-02-05,201706,3550308,13,"SP",3521,35016,TRUE,FALSE,TRUE,FALSE,TRUE,FALSE
"372",2017-02-12,201707,3550308,15,"SP",3521,35016,TRUE,FALSE,TRUE,FALSE,TRUE,FALSE
"373",2017-02-19,201708,3550308,14,"SP",3521,35016,TRUE,FALSE,TRUE,FALSE,TRUE,FALSE
"374",2017-02-26,201709,3550308,19,"SP",3521,35016,TRUE,FALSE,TRUE,FALSE,TRUE,FALSE
"375",2017-03-05,201710,3550308,12,"SP",3521,35016,TRUE,FALSE,TRUE,FALSE,TRUE,FALSE
"376",2017-03-12,201711,3550308,19,"SP",3521,35016,TRUE,FALSE,TRUE,FALSE,TRUE,FALSE
"377",2017-03-19,201712,3550308,14,"SP",3521,35016,TRUE,FALSE,TRUE,FALSE,TRUE,FALSE
"378",2017-03-26,201713,3550308,18,"SP",3521,35016,TRUE,FALSE,TRUE,FALSE,TRUE,FALSE
"379",2017-04-02,201714,3550308,36,"SP",3521,35016,TRUE,FALSE,TRUE,FALSE,TRUE,FALSE
"380",2017-04-09,201715,3550308,40,"SP",3521,35016,TRUE,FALSE,TRUE,FALSE,TRUE,FALSE
"381",2017-04-16,201716,3550308,40,"SP",3521,35016,TRUE,FALSE,TRUE,FALSE,TRUE,FALSE
"382",2017-04-23,201717,3550308,27,"SP",3521,35016,TRUE,FALSE,TRUE,FALSE,TRUE,FALSE
"383",2017-04-30,201718,3550308,23,"SP",3521,35016,TRUE,FALSE,TRUE,FALSE,TRUE,FALSE
"384",2017-05-07,201719,3550308,26,"SP",3521,35016,TRUE,FALSE,TRUE,FALSE,TRUE,FALSE
"385",2017-05-14,201720,3550308,17,"SP",3521,35016,TRUE,FALSE,TRUE,FALSE,TRUE,FALSE
"386",2017-05-21,201721,3550308,15,"SP",3521,35016,TRUE,FALSE,TRUE,FALSE,TRUE,FALSE
"387",2017-05-28,201722,3550308,18,"SP",3521,35016,TRUE,FALSE,TRUE,FALSE,TRUE,FALSE
"388",2017-06-04,201723,3550308,12,"SP",3521,35016,TRUE,FALSE,TRUE,FALSE,TRUE,FALSE
"389",2017-06-11,201724,3550308,18,"SP",3521,35016,TRUE,FALSE,TRUE,FALSE,TRUE,FALSE
"390",2017-06-18,201725,3550308,17,"SP",3521,35016,TRUE,FALSE,TRUE,FALSE,TRUE,FALSE
"391",2017-06-25,201726,3550308,13,"SP",3521,35016,TRUE,FALSE,TRUE,FALSE,TRUE,FALSE
"392",2017-07-02,201727,3550308,16,"SP",3521,35016,TRUE,FALSE,TRUE,FALSE,TRUE,FALSE
"393",2017-07-09,201728,3550308,13,"SP",3521,35016,TRUE,FALSE,TRUE,FALSE,TRUE,FALSE
"394",2017-07-16,201729,3550308,10,"SP",3521,35016,TRUE,FALSE,TRUE,FALSE,TRUE,FALSE
"395",2017-07-23,201730,3550308,10,"SP",3521,35016,TRUE,FALSE,TRUE,FALSE,TRUE,FALSE
"396",2017-07-30,201731,3550308,9,"SP",3521,35016,TRUE,FALSE,TRUE,FALSE,TRUE,FALSE
"397",2017-08-06,201732,3550308,18,"SP",3521,35016,TRUE,FALSE,TRUE,FALSE,TRUE,FALSE
"398",2017-08-13,201733,3550308,13,"SP",3521,35016,TRUE,FALSE,TRUE,FALSE,TRUE,FALSE
"399",2017-08-20,201734,3550308,11,"SP",3521,35016,TRUE,FALSE,TRUE,FALSE,TRUE,FALSE
"400",2017-08-27,201735,3550308,11,"SP",3521,35016,TRUE,FALSE,TRUE,FALSE,TRUE,FALSE
"401",2017-09-03,201736,3550308,9,"SP",3521,35016,TRUE,FALSE,TRUE,FALSE,TRUE,FALSE
"402",2017-09-10,201737,3550308,9,"SP",3521,35016,TRUE,FALSE,TRUE,FALSE,TRUE,FALSE
"403",2017-09-17,201738,3550308,20,"SP",3521,35016,TRUE,FALSE,TRUE,FALSE,TRUE,FALSE
"404",2017-09-24,201739,3550308,16,"SP",3521,35016,TRUE,FALSE,TRUE,FALSE,TRUE,FALSE
"405",2017-10-01,201740,3550308,28,"SP",3521,35016,TRUE,FALSE,TRUE,FALSE,TRUE,FALSE
"406",2017-10-08,201741,3550308,17,"SP",3521,35016,TRUE,FALSE,TRUE,FALSE,TRUE,FALSE
"407",2017-10-15,201742,3550308,30,"SP",3521,35016,TRUE,FALSE,TRUE,FALSE,TRUE,FALSE
"408",2017-10-22,201743,3550308,17,"SP",3521,35016,TRUE,FALSE,TRUE,FALSE,TRUE,FALSE
"409",2017-10-29,201744,3550308,24,"SP",3521,35016,TRUE,FALSE,TRUE,FALSE,TRUE,FALSE
"410",2017-11-05,201745,3550308,36,"SP",3521,35016,TRUE,FALSE,TRUE,FALSE,TRUE,FALSE
"411",2017-11-12,201746,3550308,35,"SP",3521,35016,TRUE,FALSE,TRUE,FALSE,TRUE,FALSE
"412",2017-11-19,201747,3550308,34,"SP",3521,35016,TRUE,FALSE,TRUE,FALSE,TRUE,FALSE
"413",2017-11-26,201748,3550308,35,"SP",3521,35016,TRUE,FALSE,TRUE,FALSE,TRUE,FALSE
"414",2017-12-03,201749,3550308,39,"SP",3521,35016,TRUE,FALSE,TRUE,FALSE,TRUE,FALSE
"415",2017-12-10,201750,3550308,34,"SP",3521,35016,TRUE,FALSE,TRUE,FALSE,TRUE,FALSE
"416",2017-12-17,201751,3550308,29,"SP",3521,35016,TRUE,FALSE,TRUE,FALSE,TRUE,FALSE
"417",2017-12-24,201752,3550308,27,"SP",3521,35016,TRUE,FALSE,TRUE,FALSE,TRUE,FALSE
"418",2017-12-31,201801,3550308,34,"SP",3521,35016,TRUE,FALSE,TRUE,FALSE,TRUE,FALSE
"419",2018-01-07,201802,3550308,54,"SP",3521,35016,TRUE,FALSE,TRUE,FALSE,TRUE,FALSE
"420",2018-01-14,201803,3550308,67,"SP",3521,35016,TRUE,FALSE,TRUE,FALSE,TRUE,FALSE
"421",2018-01-21,201804,3550308,47,"SP",3521,35016,TRUE,FALSE,TRUE,FALSE,TRUE,FALSE
"422",2018-01-28,201805,3550308,41,"SP",3521,35016,TRUE,FALSE,TRUE,FALSE,TRUE,FALSE
"423",2018-02-04,201806,3550308,41,"SP",3521,35016,TRUE,FALSE,TRUE,FALSE,TRUE,FALSE
"424",2018-02-11,201807,3550308,44,"SP",3521,35016,TRUE,FALSE,TRUE,FALSE,TRUE,FALSE
"425",2018-02-18,201808,3550308,36,"SP",3521,35016,TRUE,FALSE,TRUE,FALSE,TRUE,FALSE
"426",2018-02-25,201809,3550308,34,"SP",3521,35016,TRUE,FALSE,TRUE,FALSE,TRUE,FALSE
"427",2018-03-04,201810,3550308,33,"SP",3521,35016,TRUE,FALSE,TRUE,FALSE,TRUE,FALSE
"428",2018-03-11,201811,3550308,27,"SP",3521,35016,TRUE,FALSE,TRUE,FALSE,TRUE,FALSE
"429",2018-03-18,201812,3550308,28,"SP",3521,35016,TRUE,FALSE,TRUE,FALSE,TRUE,FALSE
"430",2018-03-25,201813,3550308,35,"SP",3521,35016,TRUE,FALSE,TRUE,FALSE,TRUE,FALSE
"431",2018-04-01,201814,3550308,36,"SP",3521,35016,TRUE,FALSE,TRUE,FALSE,TRUE,FALSE
"432",2018-04-08,201815,3550308,25,"SP",3521,35016,TRUE,FALSE,TRUE,FALSE,TRUE,FALSE
"433",2018-04-15,201816,3550308,29,"SP",3521,35016,TRUE,FALSE,TRUE,FALSE,TRUE,FALSE
"434",2018-04-22,201817,3550308,31,"SP",3521,35016,TRUE,FALSE,TRUE,FALSE,TRUE,FALSE
"435",2018-04-29,201818,3550308,40,"SP",3521,35016,TRUE,FALSE,TRUE,FALSE,TRUE,FALSE
"436",2018-05-06,201819,3550308,23,"SP",3521,35016,TRUE,FALSE,TRUE,FALSE,TRUE,FALSE
"437",2018-05-13,201820,3550308,29,"SP",3521,35016,TRUE,FALSE,TRUE,FALSE,TRUE,FALSE
"438",2018-05-20,201821,3550308,18,"SP",3521,35016,TRUE,FALSE,TRUE,FALSE,TRUE,FALSE
"439",2018-05-27,201822,3550308,13,"SP",3521,35016,TRUE,FALSE,TRUE,FALSE,TRUE,FALSE
"440",2018-06-03,201823,3550308,17,"SP",3521,35016,TRUE,FALSE,TRUE,FALSE,TRUE,FALSE
"441",2018-06-10,201824,3550308,14,"SP",3521,35016,TRUE,FALSE,TRUE,FALSE,TRUE,FALSE
"442",2018-06-17,201825,3550308,6,"SP",3521,35016,TRUE,FALSE,TRUE,FALSE,TRUE,FALSE
"443",2018-06-24,201826,3550308,21,"SP",3521,35016,TRUE,FALSE,TRUE,FALSE,TRUE,FALSE
"444",2018-07-01,201827,3550308,14,"SP",3521,35016,TRUE,FALSE,TRUE,FALSE,TRUE,FALSE
"445",2018-07-08,201828,3550308,17,"SP",3521,35016,TRUE,FALSE,TRUE,FALSE,TRUE,FALSE
"446",2018-07-15,201829,3550308,21,"SP",3521,35016,TRUE,FALSE,TRUE,FALSE,TRUE,FALSE
"447",2018-07-22,201830,3550308,13,"SP",3521,35016,TRUE,FALSE,TRUE,FALSE,TRUE,FALSE
"448",2018-07-29,201831,3550308,9,"SP",3521,35016,TRUE,FALSE,TRUE,FALSE,TRUE,FALSE
"449",2018-08-05,201832,3550308,7,"SP",3521,35016,TRUE,FALSE,TRUE,FALSE,TRUE,FALSE
"450",2018-08-12,201833,3550308,11,"SP",3521,35016,TRUE,FALSE,TRUE,FALSE,TRUE,FALSE
"451",2018-08-19,201834,3550308,10,"SP",3521,35016,TRUE,FALSE,TRUE,FALSE,TRUE,FALSE
"452",2018-08-26,201835,3550308,11,"SP",3521,35016,TRUE,FALSE,TRUE,FALSE,TRUE,FALSE
"453",2018-09-02,201836,3550308,13,"SP",3521,35016,TRUE,FALSE,TRUE,FALSE,TRUE,FALSE
"454",2018-09-09,201837,3550308,8,"SP",3521,35016,TRUE,FALSE,TRUE,FALSE,TRUE,FALSE
"455",2018-09-16,201838,3550308,12,"SP",3521,35016,TRUE,FALSE,TRUE,FALSE,TRUE,FALSE
"456",2018-09-23,201839,3550308,15,"SP",3521,35016,TRUE,FALSE,TRUE,FALSE,TRUE,FALSE
"457",2018-09-30,201840,3550308,18,"SP",3521,35016,TRUE,FALSE,TRUE,FALSE,TRUE,FALSE
"458",2018-10-07,201841,3550308,15,"SP",3521,35016,TRUE,FALSE,TRUE,FALSE,TRUE,FALSE
"459",2018-10-14,201842,3550308,16,"SP",3521,35016,TRUE,FALSE,TRUE,FALSE,TRUE,FALSE
"460",2018-10-21,201843,3550308,15,"SP",3521,35016,TRUE,FALSE,TRUE,FALSE,TRUE,FALSE
"461",2018-10-28,201844,3550308,20,"SP",3521,35016,TRUE,FALSE,TRUE,FALSE,TRUE,FALSE
"462",2018-11-04,201845,3550308,27,"SP",3521,35016,TRUE,FALSE,TRUE,FALSE,TRUE,FALSE
"463",2018-11-11,201846,3550308,11,"SP",3521,35016,TRUE,FALSE,TRUE,FALSE,TRUE,FALSE
"464",2018-11-18,201847,3550308,24,"SP",3521,35016,TRUE,FALSE,TRUE,FALSE,TRUE,FALSE
"465",2018-11-25,201848,3550308,28,"SP",3521,35016,TRUE,FALSE,TRUE,FALSE,TRUE,FALSE
"466",2018-12-02,201849,3550308,32,"SP",3521,35016,TRUE,FALSE,TRUE,FALSE,TRUE,FALSE
"467",2018-12-09,201850,3550308,29,"SP",3521,35016,TRUE,FALSE,TRUE,FALSE,TRUE,FALSE
"468",2018-12-16,201851,3550308,18,"SP",3521,35016,TRUE,FALSE,TRUE,FALSE,TRUE,FALSE
"469",2018-12-23,201852,3550308,25,"SP",3521,35016,TRUE,FALSE,TRUE,FALSE,TRUE,FALSE
"470",2018-12-30,201901,3550308,40,"SP",3521,35016,TRUE,FALSE,TRUE,FALSE,TRUE,FALSE
"471",2019-01-06,201902,3550308,48,"SP",3521,35016,TRUE,FALSE,TRUE,FALSE,TRUE,FALSE
"472",2019-01-13,201903,3550308,74,"SP",3521,35016,TRUE,FALSE,TRUE,FALSE,TRUE,FALSE
"473",2019-01-20,201904,3550308,97,"SP",3521,35016,TRUE,FALSE,TRUE,FALSE,TRUE,FALSE
"474",2019-01-27,201905,3550308,118,"SP",3521,35016,TRUE,FALSE,TRUE,FALSE,TRUE,FALSE
"475",2019-02-03,201906,3550308,137,"SP",3521,35016,TRUE,FALSE,TRUE,FALSE,TRUE,FALSE
"476",2019-02-10,201907,3550308,167,"SP",3521,35016,TRUE,FALSE,TRUE,FALSE,TRUE,FALSE
"477",2019-02-17,201908,3550308,228,"SP",3521,35016,TRUE,FALSE,TRUE,FALSE,TRUE,FALSE
"478",2019-02-24,201909,3550308,286,"SP",3521,35016,TRUE,FALSE,TRUE,FALSE,TRUE,FALSE
"479",2019-03-03,201910,3550308,378,"SP",3521,35016,TRUE,FALSE,TRUE,FALSE,TRUE,FALSE
"480",2019-03-10,201911,3550308,562,"SP",3521,35016,TRUE,FALSE,TRUE,FALSE,TRUE,FALSE
"481",2019-03-17,201912,3550308,670,"SP",3521,35016,TRUE,FALSE,TRUE,FALSE,TRUE,FALSE
"482",2019-03-24,201913,3550308,798,"SP",3521,35016,TRUE,FALSE,TRUE,FALSE,TRUE,FALSE
"483",2019-03-31,201914,3550308,1028,"SP",3521,35016,TRUE,FALSE,TRUE,FALSE,TRUE,FALSE
"484",2019-04-07,201915,3550308,1323,"SP",3521,35016,TRUE,FALSE,TRUE,FALSE,TRUE,FALSE
"485",2019-04-14,201916,3550308,1541,"SP",3521,35016,TRUE,FALSE,TRUE,FALSE,TRUE,FALSE
"486",2019-04-21,201917,3550308,1999,"SP",3521,35016,TRUE,FALSE,TRUE,FALSE,TRUE,FALSE
"487",2019-04-28,201918,3550308,2025,"SP",3521,35016,TRUE,FALSE,TRUE,FALSE,TRUE,FALSE
"488",2019-05-05,201919,3550308,1910,"SP",3521,35016,TRUE,FALSE,TRUE,FALSE,TRUE,FALSE
"489",2019-05-12,201920,3550308,1676,"SP",3521,35016,TRUE,FALSE,TRUE,FALSE,TRUE,FALSE
"490",2019-05-19,201921,3550308,1410,"SP",3521,35016,TRUE,FALSE,TRUE,FALSE,TRUE,FALSE
"491",2019-05-26,201922,3550308,1003,"SP",3521,35016,TRUE,FALSE,TRUE,FALSE,TRUE,FALSE
"492",2019-06-02,201923,3550308,680,"SP",3521,35016,TRUE,FALSE,TRUE,FALSE,TRUE,FALSE
"493",2019-06-09,201924,3550308,447,"SP",3521,35016,TRUE,FALSE,TRUE,FALSE,TRUE,FALSE
"494",2019-06-16,201925,3550308,408,"SP",3521,35016,TRUE,FALSE,TRUE,FALSE,TRUE,FALSE
"495",2019-06-23,201926,3550308,400,"SP",3521,35016,TRUE,FALSE,TRUE,FALSE,TRUE,FALSE
"496",2019-06-30,201927,3550308,198,"SP",3521,35016,TRUE,FALSE,TRUE,FALSE,TRUE,FALSE
"497",2019-07-07,201928,3550308,165,"SP",3521,35016,TRUE,FALSE,TRUE,FALSE,TRUE,FALSE
"498",2019-07-14,201929,3550308,110,"SP",3521,35016,TRUE,FALSE,TRUE,FALSE,TRUE,FALSE
"499",2019-07-21,201930,3550308,113,"SP",3521,35016,TRUE,FALSE,TRUE,FALSE,TRUE,FALSE
"500",2019-07-28,201931,3550308,82,"SP",3521,35016,TRUE,FALSE,TRUE,FALSE,TRUE,FALSE
"501",2019-08-04,201932,3550308,58,"SP",3521,35016,TRUE,FALSE,TRUE,FALSE,TRUE,FALSE
"502",2019-08-11,201933,3550308,38,"SP",3521,35016,TRUE,FALSE,TRUE,FALSE,TRUE,FALSE
"503",2019-08-18,201934,3550308,27,"SP",3521,35016,TRUE,FALSE,TRUE,FALSE,TRUE,FALSE
"504",2019-08-25,201935,3550308,28,"SP",3521,35016,TRUE,FALSE,TRUE,FALSE,TRUE,FALSE
"505",2019-09-01,201936,3550308,42,"SP",3521,35016,TRUE,FALSE,TRUE,FALSE,TRUE,FALSE
"506",2019-09-08,201937,3550308,42,"SP",3521,35016,TRUE,FALSE,TRUE,FALSE,TRUE,FALSE
"507",2019-09-15,201938,3550308,39,"SP",3521,35016,TRUE,FALSE,TRUE,FALSE,TRUE,FALSE
"508",2019-09-22,201939,3550308,32,"SP",3521,35016,TRUE,FALSE,TRUE,FALSE,TRUE,FALSE
"509",2019-09-29,201940,3550308,35,"SP",3521,35016,TRUE,FALSE,TRUE,FALSE,TRUE,FALSE
"510",2019-10-06,201941,3550308,41,"SP",3521,35016,TRUE,FALSE,TRUE,FALSE,TRUE,FALSE
"511",2019-10-13,201942,3550308,35,"SP",3521,35016,TRUE,FALSE,TRUE,FALSE,TRUE,FALSE
"512",2019-10-20,201943,3550308,18,"SP",3521,35016,TRUE,FALSE,TRUE,FALSE,TRUE,FALSE
"513",2019-10-27,201944,3550308,45,"SP",3521,35016,TRUE,FALSE,TRUE,FALSE,TRUE,FALSE
"514",2019-11-03,201945,3550308,35,"SP",3521,35016,TRUE,FALSE,TRUE,FALSE,TRUE,FALSE
"515",2019-11-10,201946,3550308,26,"SP",3521,35016,TRUE,FALSE,TRUE,FALSE,TRUE,FALSE
"516",2019-11-17,201947,3550308,35,"SP",3521,35016,TRUE,FALSE,TRUE,FALSE,TRUE,FALSE
"517",2019-11-24,201948,3550308,26,"SP",3521,35016,TRUE,FALSE,TRUE,FALSE,TRUE,FALSE
"518",2019-12-01,201949,3550308,40,"SP",3521,35016,TRUE,FALSE,TRUE,FALSE,TRUE,FALSE
"519",2019-12-08,201950,3550308,36,"SP",3521,35016,TRUE,FALSE,TRUE,FALSE,TRUE,FALSE
"520",2019-12-15,201951,3550308,38,"SP",3521,35016,TRUE,FALSE,TRUE,FALSE,TRUE,FALSE
"521",2019-12-22,201952,3550308,24,"SP",3521,35016,TRUE,FALSE,TRUE,FALSE,TRUE,FALSE
"522",2019-12-29,202001,3550308,78,"SP",3521,35016,TRUE,FALSE,TRUE,FALSE,TRUE,FALSE
"523",2020-01-05,202002,3550308,97,"SP",3521,35016,TRUE,FALSE,TRUE,FALSE,TRUE,FALSE
"524",2020-01-12,202003,3550308,96,"SP",3521,35016,TRUE,FALSE,TRUE,FALSE,TRUE,FALSE
"525",2020-01-19,202004,3550308,100,"SP",3521,35016,TRUE,FALSE,TRUE,FALSE,TRUE,FALSE
"526",2020-01-26,202005,3550308,131,"SP",3521,35016,TRUE,FALSE,TRUE,FALSE,TRUE,FALSE
"527",2020-02-02,202006,3550308,137,"SP",3521,35016,TRUE,FALSE,TRUE,FALSE,TRUE,FALSE
"528",2020-02-09,202007,3550308,169,"SP",3521,35016,TRUE,FALSE,TRUE,FALSE,TRUE,FALSE
"529",2020-02-16,202008,3550308,150,"SP",3521,35016,TRUE,FALSE,TRUE,FALSE,TRUE,FALSE
"530",2020-02-23,202009,3550308,140,"SP",3521,35016,TRUE,FALSE,TRUE,FALSE,TRUE,FALSE
"531",2020-03-01,202010,3550308,183,"SP",3521,35016,TRUE,FALSE,TRUE,FALSE,TRUE,FALSE
"532",2020-03-08,202011,3550308,149,"SP",3521,35016,TRUE,FALSE,TRUE,FALSE,TRUE,FALSE
"533",2020-03-15,202012,3550308,76,"SP",3521,35016,TRUE,FALSE,TRUE,FALSE,TRUE,FALSE
"534",2020-03-22,202013,3550308,105,"SP",3521,35016,TRUE,FALSE,TRUE,FALSE,TRUE,FALSE
"535",2020-03-29,202014,3550308,83,"SP",3521,35016,TRUE,FALSE,TRUE,FALSE,TRUE,FALSE
"536",2020-04-05,202015,3550308,96,"SP",3521,35016,TRUE,FALSE,TRUE,FALSE,TRUE,FALSE
"537",2020-04-12,202016,3550308,72,"SP",3521,35016,TRUE,FALSE,TRUE,FALSE,TRUE,FALSE
"538",2020-04-19,202017,3550308,83,"SP",3521,35016,TRUE,FALSE,TRUE,FALSE,TRUE,FALSE
"539",2020-04-26,202018,3550308,65,"SP",3521,35016,TRUE,FALSE,TRUE,FALSE,TRUE,FALSE
"540",2020-05-03,202019,3550308,54,"SP",3521,35016,TRUE,FALSE,TRUE,FALSE,TRUE,FALSE
"541",2020-05-10,202020,3550308,46,"SP",3521,35016,TRUE,FALSE,TRUE,FALSE,TRUE,FALSE
"542",2020-05-17,202021,3550308,22,"SP",3521,35016,TRUE,FALSE,TRUE,FALSE,TRUE,FALSE
"543",2020-05-24,202022,3550308,23,"SP",3521,35016,TRUE,FALSE,TRUE,FALSE,TRUE,FALSE
"544",2020-05-31,202023,3550308,25,"SP",3521,35016,TRUE,FALSE,TRUE,FALSE,TRUE,FALSE
"545",2020-06-07,202024,3550308,25,"SP",3521,35016,TRUE,FALSE,TRUE,FALSE,TRUE,FALSE
"546",2020-06-14,202025,3550308,22,"SP",3521,35016,TRUE,FALSE,TRUE,FALSE,TRUE,FALSE
"547",2020-06-21,202026,3550308,13,"SP",3521,35016,TRUE,FALSE,TRUE,FALSE,TRUE,FALSE
"548",2020-06-28,202027,3550308,13,"SP",3521,35016,TRUE,FALSE,TRUE,FALSE,TRUE,FALSE
"549",2020-07-05,202028,3550308,16,"SP",3521,35016,TRUE,FALSE,TRUE,FALSE,TRUE,FALSE
"550",2020-07-12,202029,3550308,12,"SP",3521,35016,TRUE,FALSE,TRUE,FALSE,TRUE,FALSE
"551",2020-07-19,202030,3550308,13,"SP",3521,35016,TRUE,FALSE,TRUE,FALSE,TRUE,FALSE
"552",2020-07-26,202031,3550308,11,"SP",3521,35016,TRUE,FALSE,TRUE,FALSE,TRUE,FALSE
"553",2020-08-02,202032,3550308,10,"SP",3521,35016,TRUE,FALSE,TRUE,FALSE,TRUE,FALSE
"554",2020-08-09,202033,3550308,3,"SP",3521,35016,TRUE,FALSE,TRUE,FALSE,TRUE,FALSE
"555",2020-08-16,202034,3550308,7,"SP",3521,35016,TRUE,FALSE,TRUE,FALSE,TRUE,FALSE
"556",2020-08-23,202035,3550308,5,"SP",3521,35016,TRUE,FALSE,TRUE,FALSE,TRUE,FALSE
"557",2020-08-30,202036,3550308,2,"SP",3521,35016,TRUE,FALSE,TRUE,FALSE,TRUE,FALSE
"558",2020-09-06,202037,3550308,9,"SP",3521,35016,TRUE,FALSE,TRUE,FALSE,TRUE,FALSE
"559",2020-09-13,202038,3550308,9,"SP",3521,35016,TRUE,FALSE,TRUE,FALSE,TRUE,FALSE
"560",2020-09-20,202039,3550308,12,"SP",3521,35016,TRUE,FALSE,TRUE,FALSE,TRUE,FALSE
"561",2020-09-27,202040,3550308,9,"SP",3521,35016,TRUE,FALSE,TRUE,FALSE,TRUE,FALSE
"562",2020-10-04,202041,3550308,8,"SP",3521,35016,TRUE,FALSE,TRUE,FALSE,TRUE,FALSE
"563",2020-10-11,202042,3550308,7,"SP",3521,35016,TRUE,FALSE,TRUE,FALSE,TRUE,FALSE
"564",2020-10-18,202043,3550308,14,"SP",3521,35016,TRUE,FALSE,TRUE,FALSE,TRUE,FALSE
"565",2020-10-25,202044,3550308,5,"SP",3521,35016,TRUE,FALSE,TRUE,FALSE,TRUE,FALSE
"566",2020-11-01,202045,3550308,7,"SP",3521,35016,TRUE,FALSE,TRUE,FALSE,TRUE,FALSE
"567",2020-11-08,202046,3550308,11,"SP",3521,35016,TRUE,FALSE,TRUE,FALSE,TRUE,FALSE
"568",2020-11-15,202047,3550308,2,"SP",3521,35016,TRUE,FALSE,TRUE,FALSE,TRUE,FALSE
"569",2020-11-22,202048,3550308,14,"SP",3521,35016,TRUE,FALSE,TRUE,FALSE,TRUE,FALSE
"570",2020-11-29,202049,3550308,6,"SP",3521,35016,TRUE,FALSE,TRUE,FALSE,TRUE,FALSE
"571",2020-12-06,202050,3550308,13,"SP",3521,35016,TRUE,FALSE,TRUE,FALSE,TRUE,FALSE
"572",2020-12-13,202051,3550308,5,"SP",3521,35016,TRUE,FALSE,TRUE,FALSE,TRUE,FALSE
"573",2020-12-20,202052,3550308,7,"SP",3521,35016,TRUE,FALSE,TRUE,FALSE,TRUE,FALSE
"574",2020-12-27,202053,3550308,0,"SP",3521,35016,TRUE,FALSE,TRUE,FALSE,TRUE,FALSE
"575",2021-01-03,202101,3550308,22,"SP",3521,35016,TRUE,FALSE,TRUE,FALSE,TRUE,FALSE
"576",2021-01-10,202102,3550308,20,"SP",3521,35016,TRUE,FALSE,TRUE,FALSE,TRUE,FALSE
"577",2021-01-17,202103,3550308,34,"SP",3521,35016,TRUE,FALSE,TRUE,FALSE,TRUE,FALSE
"578",2021-01-24,202104,3550308,50,"SP",3521,35016,TRUE,FALSE,TRUE,FALSE,TRUE,FALSE
"579",2021-01-31,202105,3550308,71,"SP",3521,35016,TRUE,FALSE,TRUE,FALSE,TRUE,FALSE
"580",2021-02-07,202106,3550308,86,"SP",3521,35016,TRUE,FALSE,TRUE,FALSE,TRUE,FALSE
"581",2021-02-14,202107,3550308,127,"SP",3521,35016,TRUE,FALSE,TRUE,FALSE,TRUE,FALSE
"582",2021-02-21,202108,3550308,121,"SP",3521,35016,TRUE,FALSE,TRUE,FALSE,TRUE,FALSE
"583",2021-02-28,202109,3550308,162,"SP",3521,35016,TRUE,FALSE,TRUE,FALSE,TRUE,FALSE
"584",2021-03-07,202110,3550308,179,"SP",3521,35016,TRUE,FALSE,TRUE,FALSE,TRUE,FALSE
"585",2021-03-14,202111,3550308,277,"SP",3521,35016,TRUE,FALSE,TRUE,FALSE,TRUE,FALSE
"586",2021-03-21,202112,3550308,377,"SP",3521,35016,TRUE,FALSE,TRUE,FALSE,TRUE,FALSE
"587",2021-03-28,202113,3550308,661,"SP",3521,35016,TRUE,FALSE,TRUE,FALSE,TRUE,FALSE
"588",2021-04-04,202114,3550308,914,"SP",3521,35016,TRUE,FALSE,TRUE,FALSE,TRUE,FALSE
"589",2021-04-11,202115,3550308,899,"SP",3521,35016,TRUE,FALSE,TRUE,FALSE,TRUE,FALSE
"590",2021-04-18,202116,3550308,874,"SP",3521,35016,TRUE,FALSE,TRUE,FALSE,TRUE,FALSE
"591",2021-04-25,202117,3550308,734,"SP",3521,35016,TRUE,FALSE,TRUE,FALSE,TRUE,FALSE
"592",2021-05-02,202118,3550308,651,"SP",3521,35016,TRUE,FALSE,TRUE,FALSE,TRUE,FALSE
"593",2021-05-09,202119,3550308,509,"SP",3521,35016,TRUE,FALSE,TRUE,FALSE,TRUE,FALSE
"594",2021-05-16,202120,3550308,374,"SP",3521,35016,TRUE,FALSE,TRUE,FALSE,TRUE,FALSE
"595",2021-05-23,202121,3550308,302,"SP",3521,35016,TRUE,FALSE,TRUE,FALSE,TRUE,FALSE
"596",2021-05-30,202122,3550308,249,"SP",3521,35016,TRUE,FALSE,TRUE,FALSE,TRUE,FALSE
"597",2021-06-06,202123,3550308,199,"SP",3521,35016,TRUE,FALSE,TRUE,FALSE,TRUE,FALSE
"598",2021-06-13,202124,3550308,123,"SP",3521,35016,TRUE,FALSE,TRUE,FALSE,TRUE,FALSE
"599",2021-06-20,202125,3550308,75,"SP",3521,35016,TRUE,FALSE,TRUE,FALSE,TRUE,FALSE
"600",2021-06-27,202126,3550308,65,"SP",3521,35016,TRUE,FALSE,TRUE,FALSE,TRUE,FALSE
"601",2021-07-04,202127,3550308,49,"SP",3521,35016,TRUE,FALSE,TRUE,FALSE,TRUE,FALSE
"602",2021-07-11,202128,3550308,46,"SP",3521,35016,TRUE,FALSE,TRUE,FALSE,TRUE,FALSE
"603",2021-07-18,202129,3550308,32,"SP",3521,35016,TRUE,FALSE,TRUE,FALSE,TRUE,FALSE
"604",2021-07-25,202130,3550308,29,"SP",3521,35016,TRUE,FALSE,TRUE,FALSE,TRUE,FALSE
"605",2021-08-01,202131,3550308,26,"SP",3521,35016,TRUE,FALSE,TRUE,FALSE,TRUE,FALSE
"606",2021-08-08,202132,3550308,29,"SP",3521,35016,TRUE,FALSE,TRUE,FALSE,TRUE,FALSE
"607",2021-08-15,202133,3550308,38,"SP",3521,35016,TRUE,FALSE,TRUE,FALSE,TRUE,FALSE
"608",2021-08-22,202134,3550308,33,"SP",3521,35016,TRUE,FALSE,TRUE,FALSE,TRUE,FALSE
"609",2021-08-29,202135,3550308,21,"SP",3521,35016,TRUE,FALSE,TRUE,FALSE,TRUE,FALSE
"610",2021-09-05,202136,3550308,16,"SP",3521,35016,TRUE,FALSE,TRUE,FALSE,TRUE,FALSE
"611",2021-09-12,202137,3550308,27,"SP",3521,35016,TRUE,FALSE,TRUE,FALSE,TRUE,FALSE
"612",2021-09-19,202138,3550308,22,"SP",3521,35016,TRUE,FALSE,TRUE,FALSE,TRUE,FALSE
"613",2021-09-26,202139,3550308,25,"SP",3521,35016,TRUE,FALSE,TRUE,FALSE,TRUE,FALSE
"614",2021-10-03,202140,3550308,27,"SP",3521,35016,TRUE,FALSE,TRUE,FALSE,TRUE,FALSE
"615",2021-10-10,202141,3550308,21,"SP",3521,35016,TRUE,FALSE,TRUE,FALSE,TRUE,FALSE
"616",2021-10-17,202142,3550308,23,"SP",3521,35016,TRUE,FALSE,TRUE,FALSE,TRUE,FALSE
"617",2021-10-24,202143,3550308,22,"SP",3521,35016,TRUE,FALSE,TRUE,FALSE,TRUE,FALSE
"618",2021-10-31,202144,3550308,19,"SP",3521,35016,TRUE,FALSE,TRUE,FALSE,TRUE,FALSE
"619",2021-11-07,202145,3550308,17,"SP",3521,35016,TRUE,FALSE,TRUE,FALSE,TRUE,FALSE
"620",2021-11-14,202146,3550308,36,"SP",3521,35016,TRUE,FALSE,TRUE,FALSE,TRUE,FALSE
"621",2021-11-21,202147,3550308,48,"SP",3521,35016,TRUE,FALSE,TRUE,FALSE,TRUE,FALSE
"622",2021-11-28,202148,3550308,55,"SP",3521,35016,TRUE,FALSE,TRUE,FALSE,TRUE,FALSE
"623",2021-12-05,202149,3550308,80,"SP",3521,35016,TRUE,FALSE,TRUE,FALSE,TRUE,FALSE
"624",2021-12-12,202150,3550308,68,"SP",3521,35016,TRUE,FALSE,TRUE,FALSE,TRUE,FALSE
"625",2021-12-19,202151,3550308,36,"SP",3521,35016,TRUE,FALSE,TRUE,FALSE,TRUE,FALSE
"626",2021-12-26,202152,3550308,12,"SP",3521,35016,TRUE,FALSE,TRUE,FALSE,TRUE,FALSE
"627",2022-01-02,202201,3550308,66,"SP",3521,35016,TRUE,FALSE,TRUE,FALSE,TRUE,FALSE
"628",2022-01-09,202202,3550308,43,"SP",3521,35016,TRUE,FALSE,TRUE,FALSE,TRUE,FALSE
"629",2022-01-16,202203,3550308,69,"SP",3521,35016,TRUE,FALSE,TRUE,FALSE,TRUE,FALSE
"630",2022-01-23,202204,3550308,74,"SP",3521,35016,TRUE,FALSE,TRUE,FALSE,TRUE,FALSE
"631",2022-01-30,202205,3550308,56,"SP",3521,35016,TRUE,FALSE,TRUE,FALSE,TRUE,FALSE
"632",2022-02-06,202206,3550308,76,"SP",3521,35016,TRUE,FALSE,TRUE,FALSE,TRUE,FALSE
"633",2022-02-13,202207,3550308,80,"SP",3521,35016,TRUE,FALSE,TRUE,FALSE,TRUE,FALSE
"634",2022-02-20,202208,3550308,111,"SP",3521,35016,TRUE,FALSE,TRUE,FALSE,TRUE,FALSE
"635",2022-02-27,202209,3550308,169,"SP",3521,35016,TRUE,FALSE,TRUE,FALSE,TRUE,FALSE
"636",2022-03-06,202210,3550308,278,"SP",3521,35016,TRUE,FALSE,TRUE,FALSE,TRUE,FALSE
"637",2022-03-13,202211,3550308,305,"SP",3521,35016,TRUE,FALSE,TRUE,FALSE,TRUE,FALSE
"638",2022-03-20,202212,3550308,412,"SP",3521,35016,TRUE,FALSE,TRUE,FALSE,TRUE,FALSE
"639",2022-03-27,202213,3550308,548,"SP",3521,35016,TRUE,FALSE,TRUE,FALSE,TRUE,FALSE
"640",2022-04-03,202214,3550308,720,"SP",3521,35016,TRUE,FALSE,TRUE,FALSE,TRUE,FALSE
"641",2022-04-10,202215,3550308,967,"SP",3521,35016,TRUE,FALSE,TRUE,FALSE,TRUE,FALSE
"642",2022-04-17,202216,3550308,1259,"SP",3521,35016,TRUE,FALSE,TRUE,FALSE,TRUE,FALSE
"643",2022-04-24,202217,3550308,1362,"SP",3521,35016,TRUE,FALSE,TRUE,FALSE,TRUE,FALSE
"644",2022-05-01,202218,3550308,1669,"SP",3521,35016,TRUE,FALSE,TRUE,FALSE,TRUE,FALSE
"645",2022-05-08,202219,3550308,1284,"SP",3521,35016,TRUE,FALSE,TRUE,FALSE,TRUE,FALSE
"646",2022-05-15,202220,3550308,764,"SP",3521,35016,TRUE,FALSE,TRUE,FALSE,TRUE,FALSE
"647",2022-05-22,202221,3550308,449,"SP",3521,35016,TRUE,FALSE,TRUE,FALSE,TRUE,FALSE
"648",2022-05-29,202222,3550308,311,"SP",3521,35016,TRUE,FALSE,TRUE,FALSE,TRUE,FALSE
"649",2022-06-05,202223,3550308,191,"SP",3521,35016,TRUE,FALSE,TRUE,FALSE,TRUE,FALSE
"650",2022-06-12,202224,3550308,181,"SP",3521,35016,TRUE,FALSE,TRUE,FALSE,TRUE,FALSE
"651",2022-06-19,202225,3550308,105,"SP",3521,35016,TRUE,FALSE,TRUE,FALSE,TRUE,FALSE
"652",2022-06-26,202226,3550308,107,"SP",3521,35016,FALSE,FALSE,TRUE,FALSE,TRUE,FALSE
"653",2022-07-03,202227,3550308,82,"SP",3521,35016,FALSE,FALSE,TRUE,FALSE,TRUE,FALSE
"654",2022-07-10,202228,3550308,90,"SP",3521,35016,FALSE,FALSE,TRUE,FALSE,TRUE,FALSE
"655",2022-07-17,202229,3550308,77,"SP",3521,35016,FALSE,FALSE,TRUE,FALSE,TRUE,FALSE
"656",2022-07-24,202230,3550308,77,"SP",3521,35016,FALSE,FALSE,TRUE,FALSE,TRUE,FALSE
"657",2022-07-31,202231,3550308,58,"SP",3521,35016,FALSE,FALSE,TRUE,FALSE,TRUE,FALSE
"658",2022-08-07,202232,3550308,34,"SP",3521,35016,FALSE,FALSE,TRUE,FALSE,TRUE,FALSE
"659",2022-08-14,202233,3550308,28,"SP",3521,35016,FALSE,FALSE,TRUE,FALSE,TRUE,FALSE
"660",2022-08-21,202234,3550308,33,"SP",3521,35016,FALSE,FALSE,TRUE,FALSE,TRUE,FALSE
"661",2022-08-28,202235,3550308,33,"SP",3521,35016,FALSE,FALSE,TRUE,FALSE,TRUE,FALSE
"662",2022-09-04,202236,3550308,24,"SP",3521,35016,FALSE,FALSE,TRUE,FALSE,TRUE,FALSE
"663",2022-09-11,202237,3550308,22,"SP",3521,35016,FALSE,FALSE,TRUE,FALSE,TRUE,FALSE
"664",2022-09-18,202238,3550308,34,"SP",3521,35016,FALSE,FALSE,TRUE,FALSE,TRUE,FALSE
"665",2022-09-25,202239,3550308,39,"SP",3521,35016,FALSE,FALSE,TRUE,FALSE,TRUE,FALSE
"666",2022-10-02,202240,3550308,56,"SP",3521,35016,FALSE,FALSE,TRUE,FALSE,TRUE,FALSE
"667",2022-10-09,202241,3550308,63,"SP",3521,35016,FALSE,TRUE,TRUE,FALSE,TRUE,FALSE
"668",2022-10-16,202242,3550308,60,"SP",3521,35016,FALSE,TRUE,TRUE,FALSE,TRUE,FALSE
"669",2022-10-23,202243,3550308,49,"SP",3521,35016,FALSE,TRUE,TRUE,FALSE,TRUE,FALSE
"670",2022-10-30,202244,3550308,50,"SP",3521,35016,FALSE,TRUE,TRUE,FALSE,TRUE,FALSE
"671",2022-11-06,202245,3550308,42,"SP",3521,35016,FALSE,TRUE,TRUE,FALSE,TRUE,FALSE
"672",2022-11-13,202246,3550308,49,"SP",3521,35016,FALSE,TRUE,TRUE,FALSE,TRUE,FALSE
"673",2022-11-20,202247,3550308,45,"SP",3521,35016,FALSE,TRUE,TRUE,FALSE,TRUE,FALSE
"674",2022-11-27,202248,3550308,74,"SP",3521,35016,FALSE,TRUE,TRUE,FALSE,TRUE,FALSE
"675",2022-12-04,202249,3550308,63,"SP",3521,35016,FALSE,TRUE,TRUE,FALSE,TRUE,FALSE
"676",2022-12-11,202250,3550308,61,"SP",3521,35016,FALSE,TRUE,TRUE,FALSE,TRUE,FALSE
"677",2022-12-18,202251,3550308,68,"SP",3521,35016,FALSE,TRUE,TRUE,FALSE,TRUE,FALSE
"678",2022-12-25,202252,3550308,52,"SP",3521,35016,FALSE,TRUE,TRUE,FALSE,TRUE,FALSE
"679",2023-01-01,202301,3550308,139,"SP",3521,35016,FALSE,TRUE,TRUE,FALSE,TRUE,FALSE
"680",2023-01-08,202302,3550308,127,"SP",3521,35016,FALSE,TRUE,TRUE,FALSE,TRUE,FALSE
"681",2023-01-15,202303,3550308,134,"SP",3521,35016,FALSE,TRUE,TRUE,FALSE,TRUE,FALSE
"682",2023-01-22,202304,3550308,150,"SP",3521,35016,FALSE,TRUE,TRUE,FALSE,TRUE,FALSE
"683",2023-01-29,202305,3550308,195,"SP",3521,35016,FALSE,TRUE,TRUE,FALSE,TRUE,FALSE
"684",2023-02-05,202306,3550308,179,"SP",3521,35016,FALSE,TRUE,TRUE,FALSE,TRUE,FALSE
"685",2023-02-12,202307,3550308,210,"SP",3521,35016,FALSE,TRUE,TRUE,FALSE,TRUE,FALSE
"686",2023-02-19,202308,3550308,242,"SP",3521,35016,FALSE,TRUE,TRUE,FALSE,TRUE,FALSE
"687",2023-02-26,202309,3550308,348,"SP",3521,35016,FALSE,TRUE,TRUE,FALSE,TRUE,FALSE
"688",2023-03-05,202310,3550308,407,"SP",3521,35016,FALSE,TRUE,TRUE,FALSE,TRUE,FALSE
"689",2023-03-12,202311,3550308,504,"SP",3521,35016,FALSE,TRUE,TRUE,FALSE,TRUE,FALSE
"690",2023-03-19,202312,3550308,700,"SP",3521,35016,FALSE,TRUE,TRUE,FALSE,TRUE,FALSE
"691",2023-03-26,202313,3550308,852,"SP",3521,35016,FALSE,TRUE,TRUE,FALSE,TRUE,FALSE
"692",2023-04-02,202314,3550308,914,"SP",3521,35016,FALSE,TRUE,TRUE,FALSE,TRUE,FALSE
"693",2023-04-09,202315,3550308,1023,"SP",3521,35016,FALSE,TRUE,TRUE,FALSE,TRUE,FALSE
"694",2023-04-16,202316,3550308,962,"SP",3521,35016,FALSE,TRUE,TRUE,FALSE,TRUE,FALSE
"695",2023-04-23,202317,3550308,887,"SP",3521,35016,FALSE,TRUE,TRUE,FALSE,TRUE,FALSE
"696",2023-04-30,202318,3550308,958,"SP",3521,35016,FALSE,TRUE,TRUE,FALSE,TRUE,FALSE
"697",2023-05-07,202319,3550308,972,"SP",3521,35016,FALSE,TRUE,TRUE,FALSE,TRUE,FALSE
"698",2023-05-14,202320,3550308,799,"SP",3521,35016,FALSE,TRUE,TRUE,FALSE,TRUE,FALSE
"699",2023-05-21,202321,3550308,457,"SP",3521,35016,FALSE,TRUE,TRUE,FALSE,TRUE,FALSE
"700",2023-05-28,202322,3550308,389,"SP",3521,35016,FALSE,TRUE,TRUE,FALSE,TRUE,FALSE
"701",2023-06-04,202323,3550308,273,"SP",3521,35016,FALSE,TRUE,TRUE,FALSE,TRUE,FALSE
"702",2023-06-11,202324,3550308,277,"SP",3521,35016,FALSE,TRUE,TRUE,FALSE,TRUE,FALSE
"703",2023-06-18,202325,3550308,176,"SP",3521,35016,FALSE,TRUE,TRUE,FALSE,TRUE,FALSE
"704",2023-06-25,202326,3550308,154,"SP",3521,35016,FALSE,TRUE,FALSE,FALSE,TRUE,FALSE
"705",2023-07-02,202327,3550308,99,"SP",3521,35016,FALSE,TRUE,FALSE,FALSE,TRUE,FALSE
"706",2023-07-09,202328,3550308,98,"SP",3521,35016,FALSE,TRUE,FALSE,FALSE,TRUE,FALSE
"707",2023-07-16,202329,3550308,80,"SP",3521,35016,FALSE,TRUE,FALSE,FALSE,TRUE,FALSE
"708",2023-07-23,202330,3550308,73,"SP",3521,35016,FALSE,TRUE,FALSE,FALSE,TRUE,FALSE
"709",2023-07-30,202331,3550308,92,"SP",3521,35016,FALSE,TRUE,FALSE,FALSE,TRUE,FALSE
"710",2023-08-06,202332,3550308,76,"SP",3521,35016,FALSE,TRUE,FALSE,FALSE,TRUE,FALSE
"711",2023-08-13,202333,3550308,85,"SP",3521,35016,FALSE,TRUE,FALSE,FALSE,TRUE,FALSE
"712",2023-08-20,202334,3550308,81,"SP",3521,35016,FALSE,TRUE,FALSE,FALSE,TRUE,FALSE
"713",2023-08-27,202335,3550308,57,"SP",3521,35016,FALSE,TRUE,FALSE,FALSE,TRUE,FALSE
"714",2023-09-03,202336,3550308,70,"SP",3521,35016,FALSE,TRUE,FALSE,FALSE,TRUE,FALSE
"715",2023-09-10,202337,3550308,94,"SP",3521,35016,FALSE,TRUE,FALSE,FALSE,TRUE,FALSE
"716",2023-09-17,202338,3550308,108,"SP",3521,35016,FALSE,TRUE,FALSE,FALSE,TRUE,FALSE
"717",2023-09-24,202339,3550308,96,"SP",3521,35016,FALSE,TRUE,FALSE,FALSE,TRUE,FALSE
"718",2023-10-01,202340,3550308,119,"SP",3521,35016,FALSE,TRUE,FALSE,FALSE,TRUE,FALSE
"719",2023-10-08,202341,3550308,71,"SP",3521,35016,FALSE,FALSE,FALSE,TRUE,TRUE,FALSE
"720",2023-10-15,202342,3550308,93,"SP",3521,35016,FALSE,FALSE,FALSE,TRUE,TRUE,FALSE
"721",2023-10-22,202343,3550308,101,"SP",3521,35016,FALSE,FALSE,FALSE,TRUE,TRUE,FALSE
"722",2023-10-29,202344,3550308,82,"SP",3521,35016,FALSE,FALSE,FALSE,TRUE,TRUE,FALSE
"723",2023-11-05,202345,3550308,117,"SP",3521,35016,FALSE,FALSE,FALSE,TRUE,TRUE,FALSE
"724",2023-11-12,202346,3550308,122,"SP",3521,35016,FALSE,FALSE,FALSE,TRUE,TRUE,FALSE
"725",2023-11-19,202347,3550308,154,"SP",3521,35016,FALSE,FALSE,FALSE,TRUE,TRUE,FALSE
"726",2023-11-26,202348,3550308,157,"SP",3521,35016,FALSE,FALSE,FALSE,TRUE,TRUE,FALSE
"727",2023-12-03,202349,3550308,191,"SP",3521,35016,FALSE,FALSE,FALSE,TRUE,TRUE,FALSE
"728",2023-12-10,202350,3550308,266,"SP",3521,35016,FALSE,FALSE,FALSE,TRUE,TRUE,FALSE
"729",2023-12-17,202351,3550308,319,"SP",3521,35016,FALSE,FALSE,FALSE,TRUE,TRUE,FALSE
"730",2023-12-24,202352,3550308,407,"SP",3521,35016,FALSE,FALSE,FALSE,TRUE,TRUE,FALSE
"731",2023-12-31,202401,3550308,983,"SP",3521,35016,FALSE,FALSE,FALSE,TRUE,TRUE,FALSE
"732",2024-01-07,202402,3550308,1285,"SP",3521,35016,FALSE,FALSE,FALSE,TRUE,TRUE,FALSE
"733",2024-01-14,202403,3550308,1880,"SP",3521,35016,FALSE,FALSE,FALSE,TRUE,TRUE,FALSE
"734",2024-01-21,202404,3550308,2913,"SP",3521,35016,FALSE,FALSE,FALSE,TRUE,TRUE,FALSE
"735",2024-01-28,202405,3550308,4100,"SP",3521,35016,FALSE,FALSE,FALSE,TRUE,TRUE,FALSE
"736",2024-02-04,202406,3550308,6260,"SP",3521,35016,FALSE,FALSE,FALSE,TRUE,TRUE,FALSE
"737",2024-02-11,202407,3550308,9393,"SP",3521,35016,FALSE,FALSE,FALSE,TRUE,TRUE,FALSE
"738",2024-02-18,202408,3550308,12574,"SP",3521,35016,FALSE,FALSE,FALSE,TRUE,TRUE,FALSE
"739",2024-02-25,202409,3550308,16051,"SP",3521,35016,FALSE,FALSE,FALSE,TRUE,TRUE,FALSE
"740",2024-03-03,202410,3550308,21530,"SP",3521,35016,FALSE,FALSE,FALSE,TRUE,TRUE,FALSE
"741",2024-03-10,202411,3550308,27642,"SP",3521,35016,FALSE,FALSE,FALSE,TRUE,TRUE,FALSE
"742",2024-03-17,202412,3550308,41577,"SP",3521,35016,FALSE,FALSE,FALSE,TRUE,TRUE,FALSE
"743",2024-03-24,202413,3550308,42161,"SP",3521,35016,FALSE,FALSE,FALSE,TRUE,TRUE,FALSE
"744",2024-03-31,202414,3550308,44051,"SP",3521,35016,FALSE,FALSE,FALSE,TRUE,TRUE,FALSE
"745",2024-04-07,202415,3550308,51945,"SP",3521,35016,FALSE,FALSE,FALSE,TRUE,TRUE,FALSE
"746",2024-04-14,202416,3550308,50564,"SP",3521,35016,FALSE,FALSE,FALSE,TRUE,TRUE,FALSE
"747",2024-04-21,202417,3550308,46230,"SP",3521,35016,FALSE,FALSE,FALSE,TRUE,TRUE,FALSE
"748",2024-04-28,202418,3550308,49436,"SP",3521,35016,FALSE,FALSE,FALSE,TRUE,TRUE,FALSE
"749",2024-05-05,202419,3550308,54081,"SP",3521,35016,FALSE,FALSE,FALSE,TRUE,TRUE,FALSE
"750",2024-05-12,202420,3550308,49590,"SP",3521,35016,FALSE,FALSE,FALSE,TRUE,TRUE,FALSE
"751",2024-05-19,202421,3550308,35954,"SP",3521,35016,FALSE,FALSE,FALSE,TRUE,TRUE,FALSE
"752",2024-05-26,202422,3550308,22404,"SP",3521,35016,FALSE,FALSE,FALSE,TRUE,TRUE,FALSE
"753",2024-06-02,202423,3550308,12827,"SP",3521,35016,FALSE,FALSE,FALSE,TRUE,TRUE,FALSE
"754",2024-06-09,202424,3550308,11742,"SP",3521,35016,FALSE,FALSE,FALSE,TRUE,TRUE,FALSE
"755",2024-06-16,202425,3550308,9870,"SP",3521,35016,FALSE,FALSE,FALSE,TRUE,TRUE,FALSE
"756",2024-06-23,202426,3550308,6335,"SP",3521,35016,FALSE,FALSE,FALSE,TRUE,FALSE,FALSE
"757",2024-06-30,202427,3550308,3564,"SP",3521,35016,FALSE,FALSE,FALSE,TRUE,FALSE,FALSE
"758",2024-07-07,202428,3550308,2243,"SP",3521,35016,FALSE,FALSE,FALSE,TRUE,FALSE,FALSE
"759",2024-07-14,202429,3550308,1639,"SP",3521,35016,FALSE,FALSE,FALSE,TRUE,FALSE,FALSE
"760",2024-07-21,202430,3550308,1368,"SP",3521,35016,FALSE,FALSE,FALSE,TRUE,FALSE,FALSE
"761",2024-07-28,202431,3550308,942,"SP",3521,35016,FALSE,FALSE,FALSE,TRUE,FALSE,FALSE
"762",2024-08-04,202432,3550308,772,"SP",3521,35016,FALSE,FALSE,FALSE,TRUE,FALSE,FALSE
"763",2024-08-11,202433,3550308,601,"SP",3521,35016,FALSE,FALSE,FALSE,TRUE,FALSE,FALSE
"764",2024-08-18,202434,3550308,543,"SP",3521,35016,FALSE,FALSE,FALSE,TRUE,FALSE,FALSE
"765",2024-08-25,202435,3550308,490,"SP",3521,35016,FALSE,FALSE,FALSE,TRUE,FALSE,FALSE
"766",2024-09-01,202436,3550308,492,"SP",3521,35016,FALSE,FALSE,FALSE,TRUE,FALSE,FALSE
"767",2024-09-08,202437,3550308,489,"SP",3521,35016,FALSE,FALSE,FALSE,TRUE,FALSE,FALSE
"768",2024-09-15,202438,3550308,433,"SP",3521,35016,FALSE,FALSE,FALSE,TRUE,FALSE,FALSE
"769",2024-09-22,202439,3550308,371,"SP",3521,35016,FALSE,FALSE,FALSE,TRUE,FALSE,FALSE
"770",2024-09-29,202440,3550308,315,"SP",3521,35016,FALSE,FALSE,FALSE,TRUE,FALSE,FALSE
"771",2024-10-06,202441,3550308,286,"SP",3521,35016,FALSE,FALSE,FALSE,FALSE,FALSE,TRUE
"772",2024-10-13,202442,3550308,299,"SP",3521,35016,FALSE,FALSE,FALSE,FALSE,FALSE,TRUE
"773",2024-10-20,202443,3550308,281,"SP",3521,35016,FALSE,FALSE,FALSE,FALSE,FALSE,TRUE
"774",2024-10-27,202444,3550308,265,"SP",3521,35016,FALSE,FALSE,FALSE,FALSE,FALSE,TRUE
"775",2024-11-03,202445,3550308,256,"SP",3521,35016,FALSE,FALSE,FALSE,FALSE,FALSE,TRUE
"776",2024-11-10,202446,3550308,279,"SP",3521,35016,FALSE,FALSE,FALSE,FALSE,FALSE,TRUE
"777",2024-11-17,202447,3550308,256,"SP",3521,35016,FALSE,FALSE,FALSE,FALSE,FALSE,TRUE
"778",2024-11-24,202448,3550308,236,"SP",3521,35016,FALSE,FALSE,FALSE,FALSE,FALSE,TRUE
"779",2024-12-01,202449,3550308,311,"SP",3521,35016,FALSE,FALSE,FALSE,FALSE,FALSE,TRUE
"780",2024-12-08,202450,3550308,324,"SP",3521,35016,FALSE,FALSE,FALSE,FALSE,FALSE,TRUE
"781",2024-12-15,202451,3550308,265,"SP",3521,35016,FALSE,FALSE,FALSE,FALSE,FALSE,TRUE
"782",2024-12-22,202452,3550308,302,"SP",3521,35016,FALSE,FALSE,FALSE,FALSE,FALSE,TRUE
"783",2024-12-29,202501,3550308,592,"SP",3521,35016,FALSE,FALSE,FALSE,FALSE,FALSE,TRUE
"784",2025-01-05,202502,3550308,750,"SP",3521,35016,FALSE,FALSE,FALSE,FALSE,FALSE,TRUE
"785",2025-01-12,202503,3550308,694,"SP",3521,35016,FALSE,FALSE,FALSE,FALSE,FALSE,TRUE
"786",2025-01-19,202504,3550308,864,"SP",3521,35016,FALSE,FALSE,FALSE,FALSE,FALSE,TRUE
"787",2025-01-26,202505,3550308,1041,"SP",3521,35016,FALSE,FALSE,FALSE,FALSE,FALSE,TRUE
"788",2025-02-02,202506,3550308,1205,"SP",3521,35016,FALSE,FALSE,FALSE,FALSE,FALSE,TRUE
"789",2025-02-09,202507,3550308,1605,"SP",3521,35016,FALSE,FALSE,FALSE,FALSE,FALSE,TRUE
"790",2025-02-16,202508,3550308,1978,"SP",3521,35016,FALSE,FALSE,FALSE,FALSE,FALSE,TRUE
"791",2025-02-23,202509,3550308,2413,"SP",3521,35016,FALSE,FALSE,FALSE,FALSE,FALSE,TRUE
"792",2025-03-02,202510,3550308,3349,"SP",3521,35016,FALSE,FALSE,FALSE,FALSE,FALSE,TRUE
"793",2025-03-09,202511,3550308,4112,"SP",3521,35016,FALSE,FALSE,FALSE,FALSE,FALSE,TRUE
"794",2025-03-16,202512,3550308,4854,"SP",3521,35016,FALSE,FALSE,FALSE,FALSE,FALSE,TRUE
"795",2025-03-23,202513,3550308,5155,"SP",3521,35016,FALSE,FALSE,FALSE,FALSE,FALSE,TRUE
"796",2025-03-30,202514,3550308,5307,"SP",3521,35016,FALSE,FALSE,FALSE,FALSE,FALSE,TRUE
"797",2025-04-06,202515,3550308,4680,"SP",3521,35016,FALSE,FALSE,FALSE,FALSE,FALSE,TRUE
"798",2025-04-13,202516,3550308,4507,"SP",3521,35016,FALSE,FALSE,FALSE,FALSE,FALSE,TRUE
"799",2025-04-20,202517,3550308,4838,"SP",3521,35016,FALSE,FALSE,FALSE,FALSE,FALSE,TRUE
"800",2025-04-27,202518,3550308,3911,"SP",3521,35016,FALSE,FALSE,FALSE,FALSE,FALSE,TRUE
"801",2025-05-04,202519,3550308,3426,"SP",3521,35016,FALSE,FALSE,FALSE,FALSE,FALSE,TRUE
"802",2025-05-11,202520,3550308,2795,"SP",3521,35016,FALSE,FALSE,FALSE,FALSE,FALSE,TRUE
"803",2025-05-18,202521,3550308,2171,"SP",3521,35016,FALSE,FALSE,FALSE,FALSE,FALSE,TRUE
"804",2025-05-25,202522,3550308,665,"SP",3521,35016,FALSE,FALSE,FALSE,FALSE,FALSE,TRUE
